id;name;disambiguatingDescription;description;longitude;latitude;streetAddress;postalCode;addressLocality;telephone;email;url;image;dateModified031a557b-144c-4ffb-91c6-04830475c6e0;Alte Mühle Wolfhalden ;Die Alte Mühle ist ein fünfgeschossiges Gebäude am Gstaldenbach mit Baujahr 1789, mit einzigartigen Malereien in der Stube – ein kunsthistorisch bedeutsames Baudenkmal!;<p>1789 liess Müllermeister H.H. Zürcher am Gstaldenbach in Wolfhalden ein stattliches, fünfgeschossiges Gebäude errichten. Im Gebäude befanden sich sowohl die Wohnung für die Familie als auch eine Mahlmühle, eine Bäckerei und eine Wirtschaft. Zürcher liess Wände und Decke in der Stube vollständig bemalen. Die Malereien sind gut erhalten und machen das Ensemble zu einem einzigartigen Schatz.</p><p>Die Alte Mühle liegt in der Gemeinde Wolfhalden, im Tobel, Hinterergeten, nahe der Grenze zu Heiden. Öffentliche Führungen finden jeweils am letzten Samstag in den Monaten Mai, Juni, Juli, August und September statt. Änderungen vorbehalten.&nbsp;</p><p>Start:&nbsp;14.00 Uhr<br>Die Alte Mühle Wolfhalden liegt circa 10 Gehminuten vom Bahnhof Heiden entfernt.</p><p>Kosten:&nbsp;Kollekte zugunsten des Vereins pro Alte Mühle Wolfhalden&nbsp;</p><p>Anmeldung:&nbsp;erforderlich</p><p>Gebuchte Führungen sind auf Anfrage möglich.<br>Teilnehmerzahl:&nbsp; max. 20 Personen</p><p>Kosten: CHF 110.00</p><div>Dauer: 45 bis 60 Minuten</div><p><br></p>;9.537875566539226;47.44479863545972;[{'@type': 'ImageObject', 'contentUrl': 'https://alarpimtsoch.sos-ch-dk-2.exoscale-cdn.com/catalog/9/1/3/2/9132d4e7fa66b2209ef46546ecf398b7bdde296d_M__hle.jpg'}];2026-06-10T10:54:28+02:00
039c361e-45c7-4377-ac31-7cdf81319920;Feuerstelle Begegnungsplatz Obergaden;9.500684738159181;47.41462121771943;Dorf 37;9044;Wald;+41 71 877 31 08;https://www.wald-ar.ch/;[{'@type': 'ImageObject', 'contentUrl': 'https://alarpimtsoch.sos-ch-dk-2.exoscale-cdn.com/catalog/f/5/c/7/f5c70ef53b10e6366f7d8f9153e5c2f805553248_IMG_20220227_115820.jpg'}];2026-06-10T10:54:28+02:00
04529049-8690-4a7f-a1eb-4d96db6d397f;Feuerstelle Oberer Ast;Feuerstelle Oberer Ast;Feuerstelle Oberer Ast;9.4649953;47.3976981;Landsgemeindeplatz 1;9043;Trogen;+41 71 343 78 78;gemeinde@trogen.ar.ch;https://www.trogen.ch/;[{'@type': 'ImageObject', 'contentUrl': 'https://alarpimtsoch.sos-ch-dk-2.exoscale-cdn.com/catalog/2/7/9/4/27941f8fd038228b8e6fda4a81cf888d227b3e5b_12_2020_trogen_oberer_ast.jpg'}];2026-06-10T10:54:28+02:00
05bc0646-9108-4123-92e9-e9a34f160bfa;Brauquöll Besucherzentrum der Brauerei Locher AG;Ein Familienunternehmen mit ausgezeichneter, innovativer Produktevielfalt.;Die Brauerei Locher AG wurde 1886 von der Familie Locher erworben und ist heute die einzige Brauerei im Appenzellerland. Das unabhängige Familienunternehmen braut schon in fünfter Generation für ihre Kundschaft und erlangt für seine Bierspezialitäten sowie ihre traditionellen Biere Anerkennung.

Die Biere werden noch handwerklich und nach überlieferten Verfahren hergestellt, wobei den Rohstoffen und der Nachhaltigkeit besondere Aufmerksamkeit gewidmet wird. Lassen Sie sich von der Faszination überlieferter Braukunst mitreissen! Entdecken Sie, wie aus quöllfrischem Wasser das Appenzeller Bier und der Säntis Malt Whisky entstehen. 
Verschiedene Degustationen bringen Ihnen die unvergleichlich frischen Biere und den gehaltvollen Säntis Malt nahe. 

Jeweils am Donnerstag um 10:15 Uhr (ausgenommen Feiertage) wird eine Appenzeller Bier-Degustation für Einzelbesucher angeboten. Sie können ohne Voranmeldung teilnehmen. 
Dauer: ca. 60 Minuten
Mindestalter: 16 Jahre
Sprache: Deutsch
Kosten: CHF 14.00 pro Person 


Für Gruppen können verschiedene Degustationen auf Anfrage organisiert werden. Pro Führung max. 25 Personen möglich.;9.4124588;47.3309868;Brauereiplatz 1;9050;Appenzell;+41 71 788 01 76;besucher@appenzellerbier.ch;http://www.brauquöll.ch;[{'@type': 'ImageObject', 'contentUrl': 'https://alarpimtsoch.sos-ch-dk-2.exoscale-cdn.com/catalog/7/9/d/a/79dae4102ad3ccb9dcf8b24b62fab9bac26b78ea_Brauquoell_1440x600_e0212dba.jpg'}];2026-07-10T15:35:26+02:00
07bad375-69a4-4b04-b7a7-77dd0ddccf0b;Walderlebnisraum Gais;Erfahren Sie viel Spannendes rund um Wald und Riet;Der Walderlebnisraum Gais ist eingebettet in vielfältige Wälder und blühende Streuwiesen. Das Ziel ist, Erwachsenen und Schulklassen diese Lebensräume mit ihren Pflanzen und Tieren, ihren Funktionen, der Bewirtschaftung und Entwicklung mit viel Praxisbezug näher zu bringen. Der Walderlebnisraum kann zwischen Mai und Oktober und abends bis 21:00 Uhr genutzt werden.

Ideal für Schulen, Familien, Vereine oder Firmen - es steht ein breites Angebot zur Verfügung: 
1. Waldhaus mit Tischen und Bänken, Toilette, Feuer- und Wasserstelle, Kochutensilien, Unterrichtsmaterialien, Spiele
2. Führungen von rund einer Stunde durch Waldpädagoginnen / Fachpersonen zu einem ausgewählten Naturthema wie Bäume, Sträucher, Waldtiere, Vögel, Insekten, nachhaltige Waldbewirtschaftung, Funktionen des Waldes 
3. «Naturpfad der Sinne» mit 50 Tafeln und Objekten, Barfussweg, Waldxylophon
4. «Barfussweg» als Erlebnis mit zahlreichen Anreizen, unter Einbezug verschiedenster natürlicher Materialien, die der Wald hergibt

Für Schulen und Jugendorganisationen aus Appenzell Ausserrhoden übernimmt die Bertold-Suhner-Stiftung die Kosten für Miete Waldhaus, Führung sowie An- und Rückreise mit ÖV.  Für Schulen und Jugendorganisationen der Kantone Appenzell Innerrhoden und St. Gallen trägt die Steinegg Stiftung die Kosten für Miete Waldhaus und Führung.  

Dauer Führung: ca. 1 Stunde
Teilnehmer: 10 bis 25 Personen
Kosten Miete Waldhaus: Halbtag CHF 100.00 / ganzer Tag CHF 150.00 (Mitglieder CHF 50.00 / CHF 100.00)
Kosten Führungen: pauschal CHF 80.00;9.49963;47.35453;Rotenwies 25;9056;Gais;+41 79 717 79 86;info@walderlebnisraum.ch;https://www.walderlebnisraum.ch;[{'@type': 'ImageObject', 'contentUrl': 'https://alarpimtsoch.sos-ch-dk-2.exoscale-cdn.com/catalog/2/a/4/9/2a49d54cf9ef10ea72ffeee16907a9d3648cd9c1_WER_Waldhaus_mit_Brunnen_und_Feuerstelle_Hansj__rg_H__rler_180630_4121__2_.JPG'}];2026-06-10T10:54:28+02:00
0876b2fa-3062-465f-896f-d1fa6b43f8e2;Feuerstelle Zittäfeli;9.4899777;47.4276629;St. Gallerstrasse 9;9038;Rehetobel;gemeinde@rehetobel.ar.ch;http://www.rehetobel.ch/de/;[{'@type': 'ImageObject', 'contentUrl': 'https://alarpimtsoch.sos-ch-dk-2.exoscale-cdn.com/catalog/d/4/1/2/d4125d8d09a73cfa66253c1c8a5ec33a1c32623e_08_2020_rehetobel_zitt__feli.jpg'}];2026-07-10T08:31:39+02:00
08d9be42-9fc4-4c77-ab31-7620a4c11a9a;Feuerstelle Schochenberg;Gedeckte Feuerstelle mit Feuerholz.;9.272621870040895;47.3966896547258;Poststrasse 6;9102;Herisau;+41 71 354 54 54;http://www.herisau.ch/de/;[{'@type': 'ImageObject', 'contentUrl': 'https://alarpimtsoch.sos-ch-dk-2.exoscale-cdn.com/catalog/9/c/6/b/9c6bcaa2397524f1cd9e8ce8d32cd91654625ab5_PXL_20231103_130030083.jpg'}];2026-07-17T09:18:51+02:00
0a7830ae-cdbe-494e-9d1f-2169e7d427d2;Feuerstelle Bisersweid;9.3353104;47.3725286;Schachen 42;9063;Stein;+41 71 367 11 13;http://www.stein-ar.ch/de/;[{'@type': 'ImageObject', 'contentUrl': 'https://alarpimtsoch.sos-ch-dk-2.exoscale-cdn.com/catalog/3/2/6/8/326896069f2fc5eefa92b92fa1bbad636d0b43bc_Feuerstelle.jpg'}];2026-06-10T10:54:28+02:00
0d9fbeeb-3f6b-479f-b410-1a3e8effa30d;Feuerstelle EWU-Hüsli;<p>Direkt am Bach, der Urn&auml;sch, von hohen B&auml;umen umgeben ist die Feuerstelle H&uuml;sli. Die Feuerstelle ist die letzte Station des Lillywegs. Die Urn&auml;sch nebenan l&auml;dt an warmen Tagen zum Baden oder planschen ein. Erreichbar ist sie bequem zu Fuss von der Postautohaltestelle H&uuml;sli oder &uuml;ber den Lilliyweg.</p><p>Vorhanden ist: </p><ul><li>Feuerstelle mit Rost und Sitzb&auml;nke</li><li>Brennholz</li><li>Abfallbeh&auml;lter</li><li>mobiles WC auf der anderen Bachseite</li></ul>;9.27725672721863;47.28699842653004;Mittler-Rossfall;9107;Urnäsch;+41 71 364 26 40 ;praesident_verkehrsvereinurnaesch@protonmail.com;[{'@type': 'ImageObject', 'contentUrl': 'https://alarpimtsoch.sos-ch-dk-2.exoscale-cdn.com/catalog/2/e/d/3/2ed351b414f06af413c40fcebd7c054c99483365_08_2020_urn__sch_ewuh__sli__2_.jpg'}];2026-07-31T13:35:27+02:00
100fcc79-3d2e-4f46-8c73-424a95248cfd;Appenzeller Brauchtumsmuseum;Im heimeligen Museum erleben Sie die vielfältige Kultur und das traditionsreiche Brauchtum des Appenzellerlandes.;Im Mittelpunkt stehen Silvesterchläuse, Alpfahrt, Sennenleben, Bauernmalerei und Streichmusik. Probieren Sie Chlausen mit Rollenträgern, Talerschwingen und Hackbrett oder Zither spielen - ein echtes Erlebnis! Regelmässige Sonderausstellungen verleihen dem Museum einen zeitgenössischen Glanz. Buchen Sie einen Naturjodelkurs, einen Workshop für Schulklassen oder eine mehrsprachige Führung im Museum.

Alle Museen im Appenzellerland finden Sie unter: www.museen-im-appenzellerland.ch;9.2827771;47.3172338;Dorfplatz 6;9107;Urnäsch;+41 71 364 23 22;info@museum-urnaesch.ch;http://www.museum-urnaesch.ch/;[{'@type': 'ImageObject', 'contentUrl': 'https://alarpimtsoch.sos-ch-dk-2.exoscale-cdn.com/catalog/f/6/2/6/f6264d8ad88469167621839aaa4ba100f0abdd12_16108_1060_komprimiert__2.jpg'}];2026-07-10T08:26:02+02:00
121ec096-4e96-43bb-9e6e-bd8d0a5920f0;Feuerstelle Unterhalb Mitledi;9.310875535011293;47.3569958542085;9064;Hundwil;079 444 36 06;praesident@verkehrsvereinhundwil.ch;https://verkehrsvereinhundwil.ch/;[{'@type': 'ImageObject', 'contentUrl': 'https://alarpimtsoch.sos-ch-dk-2.exoscale-cdn.com/catalog/3/f/d/f/3fdfdd07df26efed7f21bd9e564bc61abaf6a2b7_Feuerstelle.jpg'}];2026-06-10T10:54:28+02:00
12b158c5-11e1-44f4-adec-66cdfd2ea29f;Figurentheater-Museum & Figurentheater;Eintauchen in die bunte Welt des Figurentheaters;<p class="MsoNormal"><span style="mso-bidi-font-size: 11.0pt; line-height: 115%;">Im Dorfkern von Herisau, in einem typischen alten Appenzellerhaus l&auml;sst das Figurentheatermuseum Besucherinnen und Besucher eintauchen in die fantasievolle, bunte Welt des Figurentheaters. Auf insgesamt drei Stockwerken gibt es verschiedene Marionetten, Handpuppen und andere Figuren zu entdecken und allerlei Spannendes zu erfahren. Jedes Jahr wird eine andere spannende Schweizer B&uuml;hne portr&auml;tiert. Die Jahresausstellung wird jeweils durch thematische Pr&auml;sentationen aus der hauseigenen Sammlung erg&auml;nzt &ndash; so lassen sich immer wieder neue Facetten des Figurenspiels entdecken und beleuchten.&nbsp;</span></p><p class="MsoNormal"><span style="mso-bidi-font-size: 11.0pt; line-height: 115%;">Das Museum kann auf Anfrage exklusiv reserviert werden; zudem sind F&uuml;hrungen f&uuml;r Gruppen mit oder ohne Ap&eacute;ro buchbar.</span></p><p class="MsoNormal"><strong><span style="mso-bidi-font-size: 11.0pt; line-height: 115%;">Strolchi erwartet die kleinen Besucherinnen und Besucher</span></strong><span style="mso-bidi-font-size: 11.0pt; line-height: 115%;"><br>Die Katze Strolchi begleitet Kinder auf einem liebevoll gestalteten Spiel- und Erlebnisweg mit interaktiven Stationen durch das Haus und l&auml;sst sie selbst zu Puppenspielerinnen und Puppenspielern werden.</span></p><p class="MsoNormal"><span style="mso-bidi-font-size: 11.0pt; line-height: 115%;">Die Ausstellungen sind auch auf Franz&ouml;sisch und Englisch zug&auml;nglich.<br><strong>Eintrittspreise: </strong>Erwachsene CHF 8.00, Kinder CHF 5.00, Familien CHF 20.00<br>F&uuml;r Kinder aus den Kantonen AR und SG ist der Eintritt gratis.</span></p><p class="MsoNormal"><span style="mso-bidi-font-size: 11.0pt; line-height: 115%;">Die Theatersaison dauert jeweils von Oktober bis Mai, Auff&uuml;hrungen finden immer am Sonntag um 11 Uhr statt.</span></p><p><span style="font-size: 11.0pt; line-height: 115%; font-family: 'Arial',sans-serif; mso-fareast-font-family: Aptos; mso-fareast-theme-font: minor-latin; mso-ansi-language: DE-CH; mso-fareast-language: EN-US; mso-bidi-language: AR-SA;">Spielplan: <a href="http://www.figurentheatermuseum.ch">www.figurentheatermuseum.ch</a></span></p>;9.27979840461888;47.3851375;Oberdorfstrasse 18;9100;Herisau;+41 76 520 79 09;info@figurentheatermuseum.ch;https://www.figurentheatermuseum.ch/;[{'@type': 'ImageObject', 'contentUrl': 'https://alarpimtsoch.sos-ch-dk-2.exoscale-cdn.com/catalog/d/9/1/b/d91b7c27db55b5598b9d5d3176643853ed7575ec_appenzellerhaus_figurentheater__3.jpg'}];2026-06-10T10:54:28+02:00
14ff6ebc-b219-4085-9102-32f4d64b9be2;Feuerstelle Wehrlinshöhe;9.256499;47.3489055;Dorf 50;9103;Schwellbrunn;+41 71 353 38 00;gemeinde@schwellbrunn.ar.ch;https://www.schwellbrunn.ch/;[{'@type': 'ImageObject', 'contentUrl': 'https://alarpimtsoch.sos-ch-dk-2.exoscale-cdn.com/catalog/3/f/d/f/3fdfdd07df26efed7f21bd9e564bc61abaf6a2b7_Feuerstelle.jpg'}];2026-06-10T10:54:28+02:00
15ec0f94-2d56-4091-bd2f-6bec8d61eb0e;Feuerstelle und Spielplatz St. Peterzell Dorf ;Grillstelle mit tollem Spielplatz;Brennholz, Rost und Sitzgelegenheiten sind vorhanden. 
Der grosszügige Spielplatz bietet Rutschbahnen, Piratenschiff, Trampolin, Tischtennistisch, Sandkasten, Seilbahn und diverse Klettermöglichkeiten.;9.176341295242311;47.317905273031656;9127;St. Peterzell;+41 71 375 62 62;gemeinde@neckertal.ch;[{'@type': 'ImageObject', 'contentUrl': 'https://alarpimtsoch.sos-ch-dk-2.exoscale-cdn.com/catalog/8/a/4/e/8a4e99f0fa5f33da8ab9f722572785cf70daa017_10_2022_st.peterzell_dorf_feuerstelle__1_.JPEG'}];2026-06-10T14:46:01+02:00
1a5474ab-b140-4899-b307-9f029ad43f50;Feuerstelle Gäbris / Jubihütte;9.4652898;47.3807878;Schulhausstrasse 1;9056;Gais;+41 71 791 80 81;gemeinde@gais.ar.ch;https://www.gais.ch/;[{'@type': 'ImageObject', 'contentUrl': 'https://alarpimtsoch.sos-ch-dk-2.exoscale-cdn.com/catalog/6/0/b/d/60bd6c5b90499320eca0a398ce9a9ece78b949ec_08_2020_gais_jubih__tte.jpg'}];2026-07-10T08:31:39+02:00
1b41c5db-37b4-48df-98ca-d1e3bacfb968;Feuerstelle Löchli;9.540499448776247;47.433755001345006;[{'@type': 'ImageObject', 'contentUrl': 'https://alarpimtsoch.sos-ch-dk-2.exoscale-cdn.com/catalog/0/8/9/4/0894d4e44de3d2ced0dbf1c25b88f45e63290553_Feuerstelle_Chindlisteinweg.jpg'}];2026-07-10T08:31:39+02:00
2105e501-6406-42c2-860a-d583cc16e223;Feuerstelle Gstell Brenden;9.5796965;47.4613362;Gitzbüchel 192;9426;Lutzenberg;+41 71 886 70 80;info@lutzenberg.ch;http://www.lutzenberg.ch/de/verwaltung/;[{'@type': 'ImageObject', 'contentUrl': 'https://alarpimtsoch.sos-ch-dk-2.exoscale-cdn.com/catalog/3/f/d/f/3fdfdd07df26efed7f21bd9e564bc61abaf6a2b7_Feuerstelle.jpg'}];2026-06-10T10:54:29+02:00
23991049-e1cf-4a85-bcf4-b7f76544b425;Feuerstelle Chozeren;9.508737;47.405638;Chozeren / Hau;9044;Wald;[{'@type': 'ImageObject', 'contentUrl': 'https://alarpimtsoch.sos-ch-dk-2.exoscale-cdn.com/catalog/e/1/c/2/e1c2ea33de4d6631ec6d086800541a48056468c1_04_2021_wald_chozeren__3_.JPEG'}];2026-07-10T08:31:40+02:00
240ee99c-dc49-4a17-96fa-53a4a40637fd;Feuerstelle Fischegg;<p>Die Feuerstelle befindet sich auf dem Lillyweg kurz vor dem Lillybeizli am Kletterfels. Sie l&auml;dt durch die halbschattige Lage zu einer Rast.</p><p>Vorhanden ist: </p><ul><li>Feuerstelle mit Rost und Sitzb&auml;nke</li><li>Brennholz</li><li>Abfallbeh&auml;lter</li></ul>;9.27485346567382;47.28272993897171;Fischegg;9107;Urnäsch;+41 71 364 26 40;praesident_verkehrsvereinurnaesch@protonmail.com;[{'@type': 'ImageObject', 'contentUrl': 'https://alarpimtsoch.sos-ch-dk-2.exoscale-cdn.com/catalog/f/0/7/2/f07257eff805ce32a34131495fc6b08f7226b74d_Fischegg.JPG'}];2026-07-31T14:40:33+02:00
2895c282-1ecf-4021-a168-79c2ec4a2fe7;Feuerstelle bei Hochsitz;9.274853467941286;47.280233981431586;[{'@type': 'ImageObject', 'contentUrl': 'https://alarpimtsoch.sos-ch-dk-2.exoscale-cdn.com/catalog/8/7/b/b/87bb55d4b2b1c68a760d147419e4cdc640c99a71_Urn__sch_Feuerstelle_Hochsitz.jpg'}];2026-07-10T08:31:40+02:00
2a0e3b1b-9f3b-44e7-a4f1-dbc66c900fbe;Feuerstelle Nieschberg;Lauschige Feuerstelle mit Brennholz;<ul><li>Brennholz vorhanden</li><li>Rost vorhanden</li><li>1 Tisch mit 12 Sitzpl&auml;tzen</li><li>1 Feuerstelle</li><li>17 sonstige Sitzpl&auml;tze</li><li>Abfallentsorgung vorhanden</li><li>F&uuml;r Gruppe geeignet</li><li>Feuerstelle kann nicht reserviert werden</li></ul>;9.275030493736269;47.371802373995806;Poststrasse 6;9102;Herisau;[{'@type': 'ImageObject', 'contentUrl': 'https://alarpimtsoch.sos-ch-dk-2.exoscale-cdn.com/catalog/4/9/3/b/493b2c40acfb001c6d170cffd5356283b3e57423_20260623_084007735_iOS.jpg'}];2026-07-17T14:33:27+02:00
2d327171-28f9-466b-bfe4-7db4c2bcc8c7;Feuerstelle Wasserfall;9.2239816;47.3176871;Unterdorf 5;9105;Schönengrund;+41 71 361 18 18;http://www.schoenengrund.ch/de/;[{'@type': 'ImageObject', 'contentUrl': 'https://alarpimtsoch.sos-ch-dk-2.exoscale-cdn.com/catalog/6/4/4/6/64464eb7380f1a1828fc27394f7cc2334b932e70_01_2021_sch__nengrund_wasserfall_af__1_.JPEG'}];2026-06-10T10:54:32+02:00
32bc5a4d-2bad-40e0-9e63-566756cebd22;Feuerstelle Steigbüchel;Feuerstelle Steigbüchel;9.5987797;47.442163;Dorf 84;9428;Walzenhausen;+41 71 886 49 80;gemeindekanzlei@walzenhausen.ar.ch;http://www.walzenhausen.ch/home.htm;[{'@type': 'ImageObject', 'contentUrl': 'https://alarpimtsoch.sos-ch-dk-2.exoscale-cdn.com/catalog/2/5/2/6/25267d41e94c0e32bc648519343846258a195b12_08_2020_walzenhausen_steigb__chel__2_.jpg'}];2026-06-10T10:54:32+02:00
35461a08-8ceb-4851-bad1-66cb74dc30d5;Feuerstelle Schönauwald;9.2508625;47.3076501;Dorfplatz 1;9107;Urnäsch;+41 71 365 60 60;gemeinde@urnaesch.ar.ch;http://www.urnaesch.ch/de/;[{'@type': 'ImageObject', 'contentUrl': 'https://alarpimtsoch.sos-ch-dk-2.exoscale-cdn.com/catalog/7/3/1/d/731da9a0a6f990bd6e3491cf8418501e3d9f9d4f_08_2020_urn__sch_sch__nauwald__2_.jpg'}];2026-07-10T08:31:40+02:00
356a08c2-9bb3-486d-84b0-3daa4775f64b;Feuerstelle Winkfeld;9.270733594894411;47.3476340739074;[{'@type': 'ImageObject', 'contentUrl': 'https://alarpimtsoch.sos-ch-dk-2.exoscale-cdn.com/catalog/d/2/6/d/d26dea4ae4ed4a0822c1610d9e9dec54d8a9a6f0_15_10_waldstatt_winkfeld.jpg'}];2026-06-10T10:54:33+02:00
393e3acd-cd7d-4f58-b6f2-6901820acbf3;Feuerstelle Hauteten;9.3454972;47.3987218;Dorf 9;9053;Teufen;+41 71 335 00 11;gemeinde@teufen.ar.ch;http://www.teufen.ch/xml_1/internet/de/intro.cfm;[{'@type': 'ImageObject', 'contentUrl': 'https://alarpimtsoch.sos-ch-dk-2.exoscale-cdn.com/catalog/b/0/c/a/b0ca8cb9b84d17cd3517e094ce705213c773655c_2019_09_17.jpg'}];2026-06-10T10:54:33+02:00
3a5acb52-0593-4869-8dbc-a8423ac5f1df;Feuerstelle Ghöregg;Schöne Feuerstelle im Wald;9.225339;47.349879;Dorf 50;9103;Schwellbrunn;+41 71 353 38 00;gemeinde@schwellbrunn.ar.ch;https://www.schwellbrunn.ch/;[{'@type': 'ImageObject', 'contentUrl': 'https://alarpimtsoch.sos-ch-dk-2.exoscale-cdn.com/catalog/1/f/b/6/1fb61a323277ff63c9280bd234772b83953764e0_schwellbrunn_gh__regg_feuerstelle.jpg'}];2026-06-10T10:54:33+02:00
3d0613f4-b361-48e5-8efc-9b2cf64c942b;Feuerstelle WeinWerk Wienacht, Kapf;Bitte beachten Sie, dass die Feuerstelle im Moment nicht benützt werden kann. Es herrscht Lebensgefahr durch morsche Eschen. (Stand 26.06.2025);<p>- Brennholz vorhanden<br>- Rost vorhanden<br>- 2 Tische mit 12 Sitzpl&auml;tzen<br>- 1 Feuerstelle mit 8 Sitzpl&auml;tzen<br>- Auf Holz- und Steinb&auml;nken kann man sich um die Feuerstelle setzen<br>- Abfallentsorgung vorhanden</p>
<p>Erreichbarkeit: <br>- mit Velo<br>- &Ouml;V Haltestelle Wienacht-Tobel Bahnhof<br>- Parkplatz in der N&auml;he: 6 Pl&auml;tze</p>
<p>&nbsp;</p>;9.535397;47.4661548;9405;Wienacht;+41 71 855 82 45;cturecek@bluewin.ch;https://www.lutzenberg.ch/vereinsliste/5120;[{'@type': 'ImageObject', 'contentUrl': 'https://alarpimtsoch.sos-ch-dk-2.exoscale-cdn.com/catalog/8/5/2/7/85271b74199afd78e1672f1877ac333aa008d51c_08_2020_wienacht_kapf__2_.jpg'}];2026-06-10T10:54:33+02:00
3db71977-2c0c-400f-954d-e77995acf955;Feuerstelle Wolfsstein;9.4250399;47.4028483;Dorf 9;9053;Teufen;+41 71 335 00 11;gemeinde@teufen.ar.ch;http://www.teufen.ch/xml_1/internet/de/intro.cfm;[{'@type': 'ImageObject', 'contentUrl': 'https://alarpimtsoch.sos-ch-dk-2.exoscale-cdn.com/catalog/3/f/d/f/3fdfdd07df26efed7f21bd9e564bc61abaf6a2b7_Feuerstelle.jpg'}];2026-06-10T10:54:33+02:00
46de5e98-3e3d-4869-bfcd-a053a0efa050;Feuerstelle Säntisblick;9.25902843475342;47.349084674636664;Säntisblick;9103;Schwellbrunn;[{'@type': 'ImageObject', 'contentUrl': 'https://alarpimtsoch.sos-ch-dk-2.exoscale-cdn.com/catalog/3/e/d/d/3edd2a98de6dfa3f9218c23a2dbbeb0939c2ed82_schwellbrunn_s__ntisblick_feuerstelle.jpg'}];2026-06-10T10:54:33+02:00
4929ccb7-4b8f-45b0-b006-57db1f3f39e9;JUST Welt;Besuche die JUST Welt – eine interaktive Entdeckungsreise für alle Sinne zum Ursprung der wohltuenden JUST Produkte für Gesundheit, Schönheit und Wohlbefinden.;<p>In Walzenhausen, inmitten der Appenzeller Natur, hoch &uuml;ber dem Bodensee, hast du die einmalige Gelegenheit das Unternehmen JUST hautnah kennenzulernen und das Geheimnis hinter den wohltuenden Kr&auml;uter-Pflegeprodukte zu entdecken. Komme mit auf eine Reise zum Ursprung des nat&uuml;rlichen Wohlgef&uuml;hls!</p><p>Auf der Edelweisstour l&auml;dt dich Sonia im 360&deg;-Kino auf eine interaktive Entdeckungsreise durch die Appenzeller Kr&auml;uterwelt ein. Im anschliessenden Museum erf&auml;hrst du Wissenswertes &uuml;ber die JUST Produkte und Spannendes &uuml;ber die Gr&uuml;nderfamilie J&uuml;strich. <br>Oder begebe dich mit einem erfahrenen JUST Mitarbeiter in kleiner Gruppe auf die Arnikatour in die Produktion. Du erlebst live wie die Produkte in der hochmodernen Produktion entstehen und testest dabei deine Sinne.<br>Beide Touren k&ouml;nnen auch miteinander kombiniert werden oder mit der Aroma Manufaktur erg&auml;nzt werden. Darin schl&uuml;pfst du in den Laborkittel und tauchst in die Welt der &auml;therischen &Ouml;le ein. Lerne ihre Wirksamkeit auf K&ouml;rper und Geist kennen und stelle dein eigenes Duschgel mit deinem Lieblings&ouml;l her.<br>Am Ende jeder Tour laden wir dich auf eine Tasse belebenden Kr&auml;utertee zum Verweilen und Probieren unserer JUST Produkte im &laquo;Chr&uuml;terforum&raquo; ein.</p><ul><li>Erlebnistour 1: Edelweisstour - ca. 1 Stunde mit Audioguide (keine Mindestgruppengr&ouml;sse)&nbsp;</li><li>Erlebnistour 2: Arnikatour - ca. 1 Stunde mit F&uuml;hrung, ab 10 Personen&nbsp;</li><li>Erlebnistour 3: Kombi Edelweiss- und Arnikatour - ca. 2 Stunden, ab 10 Personen&nbsp;</li><li>Aroma Manufaktur: Nur in Kombination mit einer Erlebnistour, ca. 40 Minuten, ab 10 Personen&nbsp;</li></ul><p>Planst du deinen Ausflug mit dem Rollstuhl? Kein Problem, kontaktiere vorg&auml;ngig die JUST Welt, das Team unterst&uuml;tzt dich gerne dabei.<br><br></p>;9.6019082;47.4519444;Dorf 62;9428;Walzenhausen;+41 71 886 42 42;justweltteam@just.ch;https://www.just.swiss/just-welt/;[{'@type': 'ImageObject', 'contentUrl': 'https://alarpimtsoch.sos-ch-dk-2.exoscale-cdn.com/catalog/9/b/0/a/9b0ab7b50a086b9307d386360fc6570181d0c8b9_JUST_Welt_Eingang_1.jpg', 'caption': {'de': 'Aussenansicht JUST Welt'}}];2026-07-10T16:05:37+02:00
4944f97f-1fb5-4887-b9d5-b25a1332e458;Feuerstelle Freudenberg;9.537546;47.441648;[{'@type': 'ImageObject', 'contentUrl': 'https://alarpimtsoch.sos-ch-dk-2.exoscale-cdn.com/catalog/0/e/c/0/0ec05a2cdddb09b6e71feb4723abb43424add223_Feuerstelle.jpg'}];2026-07-10T08:31:40+02:00
4c45acfe-7edd-4905-bc2a-123bdfe4b516;Feuerstelle Gmeindli;9.559800624847414;47.447185102322834;[{'@type': 'ImageObject', 'contentUrl': 'https://alarpimtsoch.sos-ch-dk-2.exoscale-cdn.com/catalog/0/4/b/e/04be81dcca91da967c925887b65d193ce481b0e9_6BC21BB6_D76F_49CE_89CA_9E95A321741F.jpeg'}];2026-06-10T10:54:34+02:00
50242e16-619f-41d0-b58e-83e046430d95;Feuerstelle Herrenwäldli;9.2292884;47.3263524;Unterdorf 5;9105;Schönengrund;+41 71 361 18 18;http://www.schoenengrund.ch/de/;[{'@type': 'ImageObject', 'contentUrl': 'https://alarpimtsoch.sos-ch-dk-2.exoscale-cdn.com/catalog/5/b/9/e/5b9efb9f834ff74855432bae63080cfc69b585d5_sch__nengrund_herrenw__ldli.jpg'}];2026-06-10T10:54:34+02:00
56d7fcfc-853d-4177-aab1-b8c89723e8e9;Feuerstelle Raspeln;9.555552005767824;47.432311352391366;[{'@type': 'ImageObject', 'contentUrl': 'https://alarpimtsoch.sos-ch-dk-2.exoscale-cdn.com/catalog/8/0/6/0/806052a157543819cbc79e6b4b78acc13533f434_Feuerstelle_Raspeln.jpg'}];2026-07-10T08:31:40+02:00
58b2d227-2afc-48e2-9f2c-863cb7077d54;Feuerstelle Grund;9.270840622476886;47.355083993884;Oberdorf 2;9104;Waldstatt;+41 71 354 53 33;gemeinde@waldstatt.ar.ch;https://www.waldstatt.ch/;[{'@type': 'ImageObject', 'contentUrl': 'https://alarpimtsoch.sos-ch-dk-2.exoscale-cdn.com/catalog/5/6/8/f/568f1a1c567777127f36eb97ee06004daefd5fa3_Computerformat_4_3_waldstatt_grund_feuerstelle.jpg'}];2026-06-10T10:54:37+02:00
6533253f-e907-4004-b539-093df57e2ef7;Feuerstelle Schindelholz;Feuerstelle Schindelholz;9.5888375;47.4542558;Dorf 84;9428;Walzenhausen;+41 71 886 49 80;gemeindekanzlei@walzenhausen.ar.ch;http://www.walzenhausen.ch/home.htm;[{'@type': 'ImageObject', 'contentUrl': 'https://alarpimtsoch.sos-ch-dk-2.exoscale-cdn.com/catalog/0/0/2/6/0026bad09ac74d5ccb60bd0b4b55fd60f9d1fb89_08_2020_walzenhausen_schindelholz__3_.jpg'}];2026-06-10T10:54:37+02:00
6642ddcf-82e9-4628-b13e-c031c96d25f8;Feuerstelle Pulverturm;9.2914236;47.3942337;Poststrasse 6;9102;Herisau;+41 71 354 54 54;http://www.herisau.ch/de/;[{'@type': 'ImageObject', 'contentUrl': 'https://alarpimtsoch.sos-ch-dk-2.exoscale-cdn.com/catalog/3/f/e/d/3fedf04f8cdfb28433ad1ddcd088d99342f8e677_11_2020_herisau_pulverturm__2_.JPEG'}];2026-07-17T09:16:39+02:00
689f334f-a125-48ab-b321-1fa1aa5999f4;Feuerstelle Horst;9.425947;47.4083925;Dorf 10;9042;Speicher;+41 71 343 72 00;gemeindeverwaltung@speicher.ar.ch;http://www.speicher.ch/de/;[{'@type': 'ImageObject', 'contentUrl': 'https://alarpimtsoch.sos-ch-dk-2.exoscale-cdn.com/catalog/3/f/d/f/3fdfdd07df26efed7f21bd9e564bc61abaf6a2b7_Feuerstelle.jpg'}];2026-06-10T10:54:37+02:00
69307ec8-0f89-4651-a72e-26ce2558c2b7;Feuerstelle Langelen / Bannwald;<p>Die Feuerstelle wird zwischen April (Ostern) und Oktober w&ouml;chentlich mit Brennholz versorgt. <br>Die Feuerstelle ist &ouml;ffentlich und darf von allen Personen ben&uuml;tzt werden. Reservationen sind nicht m&ouml;glich.&nbsp;</p>;9.2840852;47.3731267;Poststrasse 6;9102;Herisau;+41 71 354 54 54;http://www.herisau.ch/de/;[{'@type': 'ImageObject', 'contentUrl': 'https://alarpimtsoch.sos-ch-dk-2.exoscale-cdn.com/catalog/a/0/6/1/a061f59b831a7e961710628af90b9f64084e968c_20260623_081322211_iOS.jpg'}];2026-07-17T09:10:24+02:00
6a87a400-be40-46fb-af43-6ef18360d5dd;Feuerstelle Staatswald;Schöne Feuerstelle im Wald;9.2318349;47.3411137;Dorf 50;9103;Schwellbrunn;+41 71 353 38 00;gemeinde@schwellbrunn.ar.ch;https://www.schwellbrunn.ch/;[{'@type': 'ImageObject', 'contentUrl': 'https://alarpimtsoch.sos-ch-dk-2.exoscale-cdn.com/catalog/3/f/d/f/3fdfdd07df26efed7f21bd9e564bc61abaf6a2b7_Feuerstelle.jpg'}];2026-06-10T10:54:37+02:00
6e548f0e-a0b8-4c04-8020-6ed1704ab162;Museum Henry Dunant;Das einzige Museum weltweit, das dem Initiator des Internationalen Roten Kreuzes gewidmet ist, präsentiert seine inklusive und multimediale Ausstellung.;Henry Dunant hatte bis zu seinem Tod rund 20 Jahre in Heiden gelebt, 18 davon im ehemaligen Bezirkskrankenhaus. In diesem Gebäude führt die Ausstellung thematisch durch das wechselhafte Leben des wirkungsmächtigen Genfers und schlägt eine Brücke ins Hier und Jetzt. Das Museum lädt täglich von 11 bis 16 Uhr zu Erkundungen in Deutsch, Französisch und Englisch ein. Führungen für Gruppen und Schulklassen werden auch ausserhalb der Öffnungszeiten angeboten.;9.5312492;47.4433309;Asylstrasse 2;9410;Heiden;+41 71 891 44 04;info@dunant-museum.ch;http://www.dunant-museum.ch/;[{'@type': 'ImageObject', 'contentUrl': 'https://alarpimtsoch.sos-ch-dk-2.exoscale-cdn.com/catalog/2/8/b/d/28bd6f2a4456aeada524cdc5387933b791591455_252044_dunant_museum_4874_J__rg_Z__rcher_gross.jpg'}];2026-07-10T08:26:03+02:00
71bcb77a-7fbf-4238-b011-fddaf2d170ca;Feuerstelle Hundwiler Tobel;9.3024505;47.3617302;9064;Hundwil;079 444 36 06;praesident@verkehrsvereinhundwil.ch;https://verkehrsvereinhundwil.ch/;[{'@type': 'ImageObject', 'contentUrl': 'https://alarpimtsoch.sos-ch-dk-2.exoscale-cdn.com/catalog/f/9/d/e/f9deba14b3d579c05b11fce3fb06efaeb11a84a6_Screenshot_2026_02_19_152414.png'}];2026-06-10T10:54:37+02:00
76b06e15-7748-49f6-9e52-ccf1b0f76d79;Breitenmoser Gustarium;Eine Erlebniswelt zum «Erleben, Entdecken und Selbermachen» – das Breitenmoser Gustarium mit Blick auf den Alpstein.;Das Breitenmoser Gustarium ist die in der Schweiz einzigartige Erlebniswelt, die sich der Fleischbranche widmet. Unterschiedliche Grillseminare finden rund ums Jahr auf der Grillterrasse statt. Hier lernt man Tipps und Tricks von den Fachleuten. Teilnehmerinnen und Teilnehmer eines Wurstseminars lernen alles über die Herstellung einer Siedwurst und packen dann selbst mit an. 
Auch Spontanbesucher können sich bei uns verwöhnen lassen. Ein frisch aufgeschnittenes Appenzeller Plättli lässt sich draussen oder in der Metzgerstube mit Blick auf den Alpstein geniessen. Die interaktive, unterhaltsame und informative Ausstellung «rund um den Genuss» kann kostenlos besucht werden. 
Im Genussladen können Sie unsere Spezialitäten degustieren, erwerben und sich von vielen Geschenkideen inspirieren lassen. Feste und Seminare bis 60 Personen machen wir für Sie zu einem ganz speziellen Erlebnis. Die Metzgerstube mit Bar und Cheminée ist liebevoll eingerichtet und dekoriert. Unsere Köche verwöhnen Sie mit hauseigenen Spezialitäten. 

Grillseminare: 18 bis 23 Teilnehmende
Wurstseminare: 15 bis 30 Teilnehmende
Festliche Platten legen und gestalten: 10 bis 15 Teilnehmende
Kleiner Grill-Lehrgang: 20 bis 45 Teilnehmende 

Kosten für Seminare: von CHF 85.00 (Wurstseminar mit Essen) bis CHF 210 für Grillkurs Special Cuts
Dauer: von 2.5 bis 4 Stunden für Kurse

Sitzplätze Metzgerstube für Gastroanlässe: bis 60 Personen;9.4277641;47.3202708;Sägehüslistrasse 13;9050;Appenzell Steinegg ;+41 71 788 09 81;info@gustarium.ch;https://www.gustarium.ch/;[{'@type': 'ImageObject', 'contentUrl': 'https://alarpimtsoch.sos-ch-dk-2.exoscale-cdn.com/catalog/3/7/1/e/371ea78ef7c2bc2b865564258705212be5c7c7ed_2023_07_05_breitenmoser_0618.jpg'}];2026-07-10T15:51:17+02:00
77b205b7-a834-4ef8-a88d-5ef67e21fad9;Feuerstelle Chräg;<p>Die Feuerstelle liegt in einem kleinen Waldst&uuml;ck umgeben von Wiesen mit Aussicht aufs Dorf Urn&auml;sch. Die Feuerstelle l&auml;sst sich vom Dorf aus zu Fuss in 30 Minuten gut erreichen. Alternativ sind Parkpl&auml;tze beim B&uuml;rgerheim Chr&auml;g vorhanden.</p><p>Vorhanden ist: </p><ul><li>Feuerstelle mit Rost und Sitzb&auml;nke</li><li>Kinderb&auml;nkli mit Tisch</li><li>Brennholz</li><li>Abfallbeh&auml;lter</li></ul>;9.288908243179323;47.30925929873218;Dorfplatz 1;9107;Urnäsch;+41 71 364 26 40;praesident_verkehrsvereinurnaesch@protonmail.com;[{'@type': 'ImageObject', 'contentUrl': 'https://alarpimtsoch.sos-ch-dk-2.exoscale-cdn.com/catalog/3/f/9/7/3f971af8e04ef807e1d8601408dfbc0e8fab988c_Chr__g_1.JPG'}];2026-07-31T13:34:40+02:00
79db15cb-da93-4f43-99be-f01dcf967426;A.Vogel Heilpflanzen-Schaugarten und Museum;Das 2024 neu gestaltete Museum sowie die A.Vogel Drogerie bieten weitere Einblicke in die Welt des A. Vogels.;Ein Naturerlebnis für alle Sinne erwartet die Besucherinnen und Besucher auf rund 1000 Metern ü.M., umgeben vom herrlichen Panorama des Alpsteins und eingebettet in die sanften grünen Hügel des Appenzellerlands. 
Im terrassenförmig angelegten, frei zugänglichen A.Vogel Schaugarten auf dem Hätschen in Teufen AR gedeihen rund 120 verschiedene Heil- und Küchenkräuter. 
Das 2024 neu gestaltete Museum erzählt die Geschichte von Naturheilkunde-Pionier Alfred Vogel bis zu den modernen Herstellungsprozessen im Unternehmen A.Vogel heute.
In der Drogerie kann man sich über alle A.Vogel Produkte informieren und kompetent beraten lassen.
Die Welt von A.Vogel in Teufen: ideal als Tagesausflug, Club-Event, Firmen- oder Vereinsanlass und vieles mehr.;9.3893398;47.3957654;Hätschen ;9053;Teufen;+41 71 335 66 11;team@gesundheitszentrum-avogel.ch;https://www.avogel.ch/de/;[{'@type': 'ImageObject', 'contentUrl': 'https://alarpimtsoch.sos-ch-dk-2.exoscale-cdn.com/catalog/2/0/0/d/200d1679c67bc61d2e9213abd8ad72f0cfc006b2__P0B0801__2.jpg'}];2026-06-10T10:54:38+02:00
7a2915cd-9805-4ffe-9dae-3a2cba3f85ba;Feuerstelle Rosenburg;2 Feuerstellen inmitten historischer Ruinen;<p>Ausstattung</p><ul><li>Brennholz vorhanden</li><li>Rost vorhanden</li><li>F&uuml;r Gruppe geeignet</li><li>2 Feuerstellen mit je 20 Sitzpl&auml;tzen</li><li>Spielm&ouml;glichkeiten</li><li>Spielwiese</li><li>Abfallentsorgung vorhanden</li></ul><p>Parkplatz: Blaue Zone, 5 Minuten Gehzeit<br>&Ouml;V Haltestelle Herisau Bahnhof, 15 min Gehzeit<br>Kinderwagentauglich</p>;9.28217054093635;47.396518908859555;Poststrasse 6;9102;Herisau;+41 71 354 54 54;https://www.herisau.ch/;[{'@type': 'ImageObject', 'contentUrl': 'https://alarpimtsoch.sos-ch-dk-2.exoscale-cdn.com/catalog/0/b/5/f/0b5ff581c4a3b602a449d983c881c0ac35e61349_DJI_20260623133953_0043_D.JPG'}];2026-07-31T13:46:35+02:00
8258f50f-f3f3-4506-a92a-1e280915cd6e;Museum Appenzeller Bahnen;Historische Fahrzeuge, Gegenstände aus dem früheren Alltag der Eisenbahn und wechselnde Dokumentations-Ausstellungen. ;<p>Im historischen Fahrzeug-Depot der ehemaligen S&auml;ntisbahn in Wasserauen sind historische Fahrzeuge aus der umfangreichen Sammlung der Stiftung &bdquo;Historische Appenzeller Bahnen&ldquo; ausgestellt. Darunter der einzige schmalspurige diesel-elektrische Schmalspur-Triebwagen der Schweiz von 1929 in seinem Originalzustand.</p><p>Gezeigt werden aber auch zahlreiche Gegenst&auml;nde aus dem fr&uuml;heren Alltag der Eisenbahn und ihrer Mitarbeiter, eine Dokumentation &uuml;ber die einst geplante Bahn von Appenzell &uuml;ber Wasserauen &ndash; Seealpsee &ndash; Meglisalp auf den S&auml;ntis sowie periodisch wechselnde Dokumentations-Ausstellungen zu Themen aus der langen appenzellischen Bahngeschichten, aktuell &uuml;ber die Geschichte(n) der Bahnh&ouml;fe.</p><p>Das Museum befindet sich im historischen Fahrzeug-Depot der ehemaligen S&auml;ntisbahn in Wasserauen.</p>;9.428258;47.285540;Station Wasserauen ;9057;Wasserauen;+41 79 442 85 06;georg.winkelmann@greenmail.ch;https://www.museumsverein-appenzeller-bahnen.ch/home-bahnmuseum.html;[{'@type': 'ImageObject', 'contentUrl': 'https://alarpimtsoch.sos-ch-dk-2.exoscale-cdn.com/catalog/1/4/8/0/14806798bb8fb6cb1343779dcfe29b5d0853d6c7_museum_appenzeller_bahnen_6.jpg'}];2026-06-10T10:54:38+02:00
82633455-0386-4ea5-8c43-fe4f0924730b;Wohlfühlhof Neuhus;Ferien auf dem Wohlfühlhof Neuhus in Urnäsch AR
Idylle und Erholung auf 1'030 m.ü.M.
Geniessen Sie eine Auszeit in unserer liebevoll eingerichteten 2,5-Zimmer-Familienwohnung, eingebettet in die Natur des Appenzellerlands. Unser Bauernhof bietet den perfekten Ort, um dem Alltag zu entfliehen, tief durchzuatmen und die Seele baumeln zu lassen.;<p>Ihr R&uuml;ckzugsort in den H&uuml;geln des Appenzeller Hinterlands:&nbsp;Unsere Ferienwohnung bietet:</p><ul><li>Eine grossz&uuml;gige, helle 2,5-Zimmer-Wohnung mit Wohnk&uuml;che, Schlafzimmer, Nebenraum und grossem Badezimmer</li><li>Eine abgeschiedene Lage in einem idyllischen H&uuml;gel-T&auml;lchen &ndash; Ruhe garantiert</li><li>Viel Platz f&uuml;r Familien, die gemeinsame Momente geniessen und die Natur erleben m&ouml;chten</li></ul><p>Ruhe und Erleben &ndash; das Beste aus zwei Welten&nbsp;<br>Erleben Sie die Stille und Gelassenheit der Bergwelt, w&auml;hrend Sie das Leben auf einem Bauernhof hautnah miterleben:</p><ul><li>Abschalten in der Natur: Kein Strassenl&auml;rm, nur Vogelgezwitscher und das leise Muhen der K&uuml;he</li><li>Mithelfen im Stall: Wer Lust hat, kann jeweils abends beim F&uuml;ttern und Versorgen der Tiere helfen</li><li>Kindertr&auml;ume wahr werden lassen: Platz zum Spielen, Entdecken und einfach Kind sein</li><li>Zeit f&uuml;r Sie &ndash; oder f&uuml;r Abenteuer</li></ul><p>Ob Sie einfach entspannen oder die Umgebung erkunden m&ouml;chten: Der Wanderweg startet direkt vor der Haust&uuml;r</p><p>Jetzt buchen und abschalten! Alle freien Daten und weitere Infos finden Sie auf unserer Website: www.wohlfuehlhof-neuhus.ch</p><p>Wir freuen uns darauf, Sie bei uns willkommen zu heissen und Ihnen einen Ort der Ruhe und Erholung zu bieten!</p>;9.32244122028351;47.33291497436471;Neuhus 510;9107 ;Urnäsch;+41 79 356 26 60;info@wohlfuehlhof-neuhus.ch;https://www.wohlfuehlhof-neuhus.ch/;[{'@type': 'ImageObject', 'contentUrl': 'https://alarpimtsoch.sos-ch-dk-2.exoscale-cdn.com/catalog/9/0/7/d/907d505b833174643985769136aedbf94eb0d1ca_Neuhus08.jpg'}];2026-07-10T15:51:27+02:00
827150c6-669b-411d-be82-4983a8503c1d;Feuerstelle Bubenstieg;9.2392533;47.357767;Dorf 50;9103;Schwellbrunn;+41 71 353 38 00;gemeinde@schwellbrunn.ar.ch;https://www.schwellbrunn.ch/;[{'@type': 'ImageObject', 'contentUrl': 'https://alarpimtsoch.sos-ch-dk-2.exoscale-cdn.com/catalog/3/8/c/6/38c64a830ff0b4974f1ce37aebcbeae64cedc85c_Feuerstelle.jpg'}];2026-08-25T02:40:29+02:00
827f2f2f-5255-472c-8752-519be2ef6e66;Feuerstelle Waldpark;9.5225253;47.4484958;9410;Heiden;https://www.kurvereinheiden.ch/;[{'@type': 'ImageObject', 'contentUrl': 'https://alarpimtsoch.sos-ch-dk-2.exoscale-cdn.com/catalog/1/f/4/3/1f43f4891e0bbe55c2e2d14f20f0156e5f3550d5_08_2020_heiden_waldpark__2_.jpg'}];2026-08-25T02:40:31+02:00
83570fc3-1673-4be6-a86a-6ada54584ec7;Feuerstelle Eichenbach;Die Feuerstelle befindet sich 600 Meter östlich der Sonderstrasse beim Einlenker Högli. Sie liegt auf 737 m ü. M. im Wald, direkt am Wasser und an schattiger Lage. Zudem befindet sie sich unmittelbar an der Route 977 des Witzwanderwegs zwischen Heiden, Wolfhalden und Walzenhausen.;<p>Vorhanden ist:&nbsp;</p><ul><li>Brennholz&nbsp;</li><li>Abfallentsorgung&nbsp;</li><li>Trinkwasser (Brunnen mit Quellwasser)&nbsp;</li><li>andere Wasserquellen (kein Trinkwasser)</li><li>WC (bitte sauber hinterlassen)</li></ul><p>Die Feuerstelle wurde gesponsert von der Raiffeisenbank.&nbsp;</p>;9.586515426635744;47.44775315062366;Dorf 36;9427;Wolfhalden;+41 71 898 82 82;gemeinde@wolfhalden.ar.ch;https://www.wolfhalden.ch/;[{'@type': 'ImageObject', 'contentUrl': 'https://alarpimtsoch.sos-ch-dk-2.exoscale-cdn.com/catalog/1/f/9/0/1f9003e6459fb82c7d07fc4f27e5fd1bb0ee9219_Eichenbach.jpeg'}];2026-08-25T02:40:44+02:00
8407b4cb-0526-4697-a0b8-ec9d042626a7;Feuerstelle Walderlebnisraum;9.4974409;47.3545292;Schulhausstrasse 1;9056;Gais;+41 71 791 80 81;gemeinde@gais.ar.ch;https://www.gais.ch/portal-gemeinde-tourismus.html;[{'@type': 'ImageObject', 'contentUrl': 'https://alarpimtsoch.sos-ch-dk-2.exoscale-cdn.com/catalog/3/e/c/3/3ec3ac2b599bc323d97f1dc814baef70f4d50302_12_2020_gais_walderlebnisraum.JPG'}];2026-08-25T02:40:48+02:00
865b9f4f-61f2-47f4-bd58-329a8b6e1cfc;Feuerstelle Ramsenburg;9.2521499;47.3883581;Poststrasse 6;9102;Herisau;+41 71 354 54 54;http://www.herisau.ch/de/;[{'@type': 'ImageObject', 'contentUrl': 'https://alarpimtsoch.sos-ch-dk-2.exoscale-cdn.com/catalog/3/4/f/c/34fcd3a638bdced2fd37827901c1aea6c3a4537f_Ramsenburg_oben.JPG'}];2026-08-25T02:41:09+02:00
8680c609-fb0c-4cfe-9812-1cd49a4de10e;Feuerstelle Wasserlehrpfad;9.318637847900392;47.34824433019545;9064;Hundwil;079 444 36 06;praesident@verkehrsvereinhundwil.ch;https://verkehrsvereinhundwil.ch/;[{'@type': 'ImageObject', 'contentUrl': 'https://alarpimtsoch.sos-ch-dk-2.exoscale-cdn.com/catalog/e/a/6/1/ea61211775babfcb65f667688070cc71b45fcebc_04_20_hundwil_wasserlehrpfad_04.JPEG'}];2026-08-25T02:41:11+02:00
86b7df64-ab9f-4384-bc9c-f098b38ace2a;Feuerstelle Klus;Die Feuerstelle befindet sich 1,8 Kilometer südöstlich von Wolfhalden auf 720 m ü. M., in der Region Appenzeller Vorderland. Sie liegt direkt am Klusbach und ist schattig gelegen.;<p>Vorhanden ist:&nbsp;</p><ul><li>Brennholz</li><li>WC</li><li>Rost</li><li>Ein Tisch mit Sitzb&auml;nken bietet Platz, um sich niederzulassen</li></ul>;9.562858343124391;47.444815314939625;Dorf 36;9427;Wolfhalden;+41 71 898 82 82;gemeinde@wolfhalden.ar.ch;https://www.wolfhalden.ch/;[{'@type': 'ImageObject', 'contentUrl': 'https://alarpimtsoch.sos-ch-dk-2.exoscale-cdn.com/catalog/4/9/8/9/498984d63cd9e17b513c3b022195678bace50556_20240625_153648.jpg'}];2026-08-25T02:41:14+02:00
8bef8307-94ef-4e5a-9567-d2cd521526c9;Feuerstelle Schulhaus Reute;9.570488;47.4194438;Dorf 19;9411;Reute;+41 71 898 82 60;gemeindekanzlei@reute.ar.ch;http://www.reute.ch/de/;[{'@type': 'ImageObject', 'contentUrl': 'https://alarpimtsoch.sos-ch-dk-2.exoscale-cdn.com/catalog/3/f/d/f/3fdfdd07df26efed7f21bd9e564bc61abaf6a2b7_Feuerstelle.jpg'}];2026-08-25T02:41:41+02:00
926f800a-c6f5-4810-be5a-5dfc71dfb588;Feuerstelle Bruggtobel;Die Feuerstelle liegt 800 Meter südöstlich von Wolfhalden auf 755 m ü. M., in der Region Appenzeller Vorderland, an schattiger Lage.;<ul><li>Brennholz &amp; Rost vorhanden</li><li>1 Feuerstelle</li><li>1 Tisch mit 10 Sitzpl&auml;tzen&nbsp;</li><li>6 sonstige Sitzpl&auml;tze (Man kann sich auf die Holzb&auml;nke gegen&uuml;ber der Feuerstelle oder an den Tisch direkt daneben setzen)</li></ul>;9.556077718734743;47.44780413909842;Dorf 36;9427;Wolfhalden;+41 71 898 82 82;gemeinde@wolfhalden.ar.ch;[{'@type': 'ImageObject', 'contentUrl': 'https://alarpimtsoch.sos-ch-dk-2.exoscale-cdn.com/catalog/3/4/4/8/3448b76a91ffebcae5b7c0ca87a4d397ef1779ab_20240625_144742.jpg'}];2026-09-03T02:45:02+02:00
97a50894-fa11-4646-b19b-9b17c893b56f;Feuerstelle Fünfländerblick;9.514279;47.4565108;9036;Grub SG;[{'@type': 'ImageObject', 'contentUrl': 'https://alarpimtsoch.sos-ch-dk-2.exoscale-cdn.com/catalog/3/4/9/e/349ec735ffc52af5ad236ae75c2db10ce03edb2a_grub_eggersriet_f__nfl__nderblick.jpg'}];2026-07-10T15:25:12+02:00
a7d1e888-3bf4-49d6-b22b-e5a3249f1e2a;Feuerstelle Rämsen;9.440909028053285;47.387098612281285;Rämsen;9055;Bühler;[{'@type': 'ImageObject', 'contentUrl': 'https://alarpimtsoch.sos-ch-dk-2.exoscale-cdn.com/catalog/e/5/5/9/e559ea83f26ce3f0e986df6a4b23abd178ac2268_10_2020_b__hler_r__msen__8_.JPEG'}];2026-09-03T02:41:20+02:00
a9767e7f-ca2c-48bf-89c0-3d502fc09e08;Feuerstelle Risi;Feuerstelle mit Rost und einem Holzbank.;<p>Am Waldrand liegt die Feuerstelle Risi mit sch&ouml;ner Aussicht in Richtung Bodensee.<br><br></p>;9.528879;47.42636;Kirchplatz 6;9410;Heiden;+41 71 898 89 89;gemeinde@heiden.ar.ch;http://www.heiden.ch/de/;[{'@type': 'ImageObject', 'contentUrl': 'https://alarpimtsoch.sos-ch-dk-2.exoscale-cdn.com/catalog/3/f/d/f/3fdfdd07df26efed7f21bd9e564bc61abaf6a2b7_Feuerstelle.jpg'}];2026-09-03T02:42:01+02:00
ab428c3e-2769-431d-a90f-f828dce554b0;Feuerstelle Blumenstein;9.2313766;47.3125047;Unterdorf 5;9105;Schönengrund;+41 71 361 18 18;http://www.schoenengrund.ch/de/;[{'@type': 'ImageObject', 'contentUrl': 'https://alarpimtsoch.sos-ch-dk-2.exoscale-cdn.com/catalog/f/f/a/8/ffa832f47a77ce2e829d898b0703439242788d53_08_2020_sch__nengrund_blumenstein__3_.jpg'}];2026-09-03T02:41:53+02:00
ab74fa35-8062-4a36-8b1a-825c89c0d5c5;Feuerstelle Oberegg Bärenpärkli;9.552204608917236;47.42277382897845;Feldlistrasse 1;9413;Oberegg;+41 71 898 50 80;info@oberegg.ai.ch;https://www.oberegg.ch/freizeit/freizeitangebote/freizeitplaetze/baerenpaerkli.html/145;[{'@type': 'ImageObject', 'contentUrl': 'https://alarpimtsoch.sos-ch-dk-2.exoscale-cdn.com/catalog/a/5/9/a/a59ae5fd8357ebd5bd4b61dce5996d8df0b78a8a_04_2022_oberegg_dorf_af.jpg'}];2026-09-03T02:41:55+02:00
afe739a8-919c-442b-9fd1-df6270f6ec49;Feuerstelle Furth;9.295624494552614;47.32462147225032;Dorfplatz 1;9107;Urnäsch;+41 71 364 26 40;praesident_verkehrsvereinurnaesch@protonmail.com;[{'@type': 'ImageObject', 'contentUrl': 'https://alarpimtsoch.sos-ch-dk-2.exoscale-cdn.com/catalog/d/f/6/6/df66af36f07c1b6e56c3f0504c0bd189dd8a4735_01_2021_urn__sch_furth.jpg'}];2026-09-03T02:43:21+02:00
b2648d63-84f1-4dad-b646-b5a56dd5430e;Feuerstelle Staubmühle;9.542216062545776;47.4536017406339;9427;Wolfhalden;[{'@type': 'ImageObject', 'contentUrl': 'https://alarpimtsoch.sos-ch-dk-2.exoscale-cdn.com/catalog/b/b/3/e/bb3e492f549694f27ddcf3e738f8ec4a3a323d52_heiden_wolfhalden_grillstelle_br__cke.jpg'}];2026-09-03T02:43:28+02:00
b79a5913-f9e4-481f-bca2-eafbeb2e946d;Feuerstelle Eschen St. Anton;9.530006647109987;47.40888637476102;Eschen 271/272;9413;Oberegg;[{'@type': 'ImageObject', 'contentUrl': 'https://alarpimtsoch.sos-ch-dk-2.exoscale-cdn.com/catalog/d/d/7/f/dd7f79531195f4b6757b43ce1386bea6d1d17819_11_22_oberegg_st.anton_feuerstelle_sd.jpg'}];2026-09-03T02:43:39+02:00
b96a021d-1278-420f-ae6b-a77e186acebc;Feuerstelle Kuenzenegg;9.4002511;47.4008814;Dorf 9;9053;Teufen;+41 71 335 00 11;gemeinde@teufen.ar.ch;http://www.teufen.ch/xml_1/internet/de/intro.cfm;[{'@type': 'ImageObject', 'contentUrl': 'https://alarpimtsoch.sos-ch-dk-2.exoscale-cdn.com/catalog/3/f/d/f/3fdfdd07df26efed7f21bd9e564bc61abaf6a2b7_Feuerstelle.jpg'}];2026-06-10T10:54:45+02:00
bbfc52a8-1e4a-4527-85fe-037d8f7f5af5;Feuerstelle Gäbrisseeli;9.4783809;47.3816652;Schulhausstrasse 1;9056;Gais;+41 71 791 80 81;gemeinde@gais.ar.ch;https://www.gais.ch/portal-gemeinde-tourismus.html;[{'@type': 'ImageObject', 'contentUrl': 'https://alarpimtsoch.sos-ch-dk-2.exoscale-cdn.com/catalog/7/c/6/5/7c65b6d198b1b66b5db948cc256569f034ee09ed_08_2020_gais_g__brisseeli__3_.jpg'}];2026-09-03T02:35:57+02:00
bfb37a1d-79f9-4e4f-98fc-931fb582b1de;Feuerstelle Waldhütte;9.2476328;47.2899583;Dorfplatz 1;9107;Urnäsch;+41 71 364 26 40;praesident_verkehrsvereinurnaesch@protonmail.com;[{'@type': 'ImageObject', 'contentUrl': 'https://alarpimtsoch.sos-ch-dk-2.exoscale-cdn.com/catalog/d/f/e/1/dfe1ed80415bf996c8c1ff1ad33eb527a49cc746_08_2020_urn__sch_waldh__tte__2_.jpg'}];2026-09-03T02:36:30+02:00
c5499696-e62a-4ece-8657-f345aeec38ca;Feuerstelle Blattendürren;<p>Die Feuerstelle l&auml;sst sich zu Fuss in 20 min vom Restaurant Blattend&uuml;rren oder in 1h 30 min vom Bahnhof Urn&auml;sch &uuml;bers Restaurant Osteregg erreichen und liegt auf der Potersalproute f&uuml;r Bikes von Appenzellerland Tourismus. Sie liegt sonnig auf 1200 m &uuml;. M. Und bietet eine fantastische Aussicht auf die Appenzeller H&uuml;gel.</p><p>Vorhanden ist:</p><ul><li>Feuerstelle mit Rost</li><li>Sitzb&auml;nke und Tisch</li><li>Brennholz</li><li>Abfallbeh&auml;lter</li></ul>;9.305151682833623;47.30003487549181;Langdürren;9107;Urnäsch;+41 71 364 26 40 ;praesident_verkehrsvereinurnaesch@protonmail.com;[{'@type': 'ImageObject', 'contentUrl': 'https://alarpimtsoch.sos-ch-dk-2.exoscale-cdn.com/catalog/d/4/8/0/d480c983b8d6ad8514b2e77b2244e1aace9a279b_Feuerstelle_Blattend__rre_2.jpg'}];2026-09-03T02:43:26+02:00
c6083530-6985-464e-b537-480f0da62264;Feuerstelle Hämmli;9.2357213;47.3155224;Unterdorf 5;9105;Schönengrund;+41 71 361 18 18;http://www.schoenengrund.ch/de/;[{'@type': 'ImageObject', 'contentUrl': 'https://alarpimtsoch.sos-ch-dk-2.exoscale-cdn.com/catalog/3/f/d/f/3fdfdd07df26efed7f21bd9e564bc61abaf6a2b7_Feuerstelle.jpg'}];2026-09-03T02:42:44+02:00
c6c2d380-69ff-4501-9759-bb6f6d0fc985;Appenzeller Bier - Degustationen im Besucherzentrum Brauquöll;Bei einer Degustation im Besucherzentrum «Brauquöll» erfahren Sie viel Interessantes über das Appenzeller Bier und den Säntis Malt Whisky.;Auf Voranmeldung geniessen Sie eine geführte Degustation im Gnoss-Stöbli und erleben, wie aus quöllfrischem Wasser Appenzeller Bier und Säntis Malt Whisky sowie aus dessen Nebenprodukten leckere neue Spezialitäten wie CréaCeto Bier-Essig oder Treber-Tschipps entstehen.

Wählen Sie aus folgenden Degustationen:
- Bier-Degustation
- Alkoholfreie Bier-Degustation
- Bier + Whisky Degustation
- Blind-Degustation 
- Säntis Malt Whisky-Degustation

Ort: Besucherzentrum Brauquöll, Brauerei Locher AG Appenzell
Dauer: ab ca. 1 Stunde*
Teilnehmer: 10 bis 25 Personen*
Mindestalter: 16 / 18 Jahren*
Sprache: Deutsch, weitere Sprachen auf Anfrage
Kosten: auf Anfrage*

*Variiert je nach Degustationsart;9.41251;47.33103;Brauereiplatz 1;9050;Appenzell;+41 71 788 01 76;besucher@appenzellerbier.ch;https://appenzellerbier.ch/de/;[{'@type': 'ImageObject', 'contentUrl': 'https://alarpimtsoch.sos-ch-dk-2.exoscale-cdn.com/catalog/2/7/7/0/2770926dae494b480e04a76d3c23cf131dbe6059_Degustation_01.jpg'}];2026-09-03T02:42:51+02:00
d8b8d894-f742-4347-afe4-3788a4f1c085;Feuerstelle Frölichsegg;9.3785942;47.3973088;Dorf 9;9053;Teufen;+41 71 335 00 11;gemeinde@teufen.ar.ch;http://www.teufen.ch/xml_1/internet/de/intro.cfm;[{'@type': 'ImageObject', 'contentUrl': 'https://alarpimtsoch.sos-ch-dk-2.exoscale-cdn.com/catalog/4/8/c/f/48cf25319dc7d3f51e3a6959ee5f6e0a524006eb_08_2020_teufen_fr__lichsegg__3_.jpg'}];2026-09-03T02:31:38+02:00
dfa08afd-0eb6-4af5-ae08-9fae1edabab2;Feuerstelle Streichelfarm;9.4544988;47.3526032;Schulhausstrasse 1;9056;Gais;+41 71 791 80 81;gemeinde@gais.ar.ch;https://www.gais.ch/portal-gemeinde-tourismus.html;[{'@type': 'ImageObject', 'contentUrl': 'https://alarpimtsoch.sos-ch-dk-2.exoscale-cdn.com/catalog/3/f/d/f/3fdfdd07df26efed7f21bd9e564bc61abaf6a2b7_Feuerstelle.jpg'}];2026-09-03T02:32:00+02:00
dfdbbbc0-3619-4bed-a67d-177e2e0b4808;Feuerstelle Kaienspitz;9.504075050354006;47.43228956203512;St. Gallerstrasse 9;9038;Rehetobel;+41 71 878 70 20;gemeinde@rehetobel.ar.ch;http://www.rehetobel.ch/de/;[{'@type': 'ImageObject', 'contentUrl': 'https://alarpimtsoch.sos-ch-dk-2.exoscale-cdn.com/catalog/3/f/d/f/3fdfdd07df26efed7f21bd9e564bc61abaf6a2b7_Feuerstelle.jpg'}];2026-09-03T02:32:04+02:00
e060d890-57dc-4344-990c-13a699f6b373;Feuerstelle Schlipf;9.3749279;47.396131;Dorf 9;9053;Teufen;+41 71 335 00 11;gemeinde@teufen.ar.ch;http://www.teufen.ch/xml_1/internet/de/intro.cfm;[{'@type': 'ImageObject', 'contentUrl': 'https://alarpimtsoch.sos-ch-dk-2.exoscale-cdn.com/catalog/c/5/5/b/c55b94581a38aa9ace0e0acad391ed67c7798cb8_08_2020_teufen_schlipf__2_.jpg'}];2026-09-03T02:32:17+02:00
e3cd6f5d-1e4b-4015-91f3-15f9687d03a9;Brauchtumsmuseum - Naturjodelkurs und Talerschwingen;Brauchtum und Kultur im Brauchtumsmuseum in Urnäsch erleben.;<p>Nach einem appenzellischen Willkommensgetr&auml;nk erhalten Sie unter fachkundiger F&uuml;hrung einen Einblick in die b&auml;uerliche Kultur des Appenzellerlandes und erlernen mit einem Appenzeller Jodler in den stimmungsvollen R&auml;umlichkeiten den Naturjodel und das Talerschwingen. Ein echtes Erlebnis!</p><p>Dauer: 2 bis 2.5 Stunden <br>Teilnehmer: bis 25 Personen <br>Kosten:</p><ul><li>Naturjodelkurs pro Gruppe CHF 300.- (bis max. 25 Pers.)</li><li>zzgl. Museumseintritt pro Person CHF 8.- (ab 10 Pers.)</li><li>zzgl. F&uuml;hrung pro Person CHF 8.- (ab 10 Pers.)&nbsp;</li><li>Schulklassen aus dem Kanton AR gratis</li></ul>;9.2829;47.31713;Dorfplatz 6;9107;Urnäsch;+41 71 364 23 22;info@museum-urnaesch.ch;https://www.museum-urnaesch.ch;[{'@type': 'ImageObject', 'contentUrl': 'https://alarpimtsoch.sos-ch-dk-2.exoscale-cdn.com/catalog/b/b/e/a/bbeaf573039520c684c4e6920fbca9768e5f3e1e_IMG_3347.gif'}];2026-09-03T02:32:26+02:00
ef207fdc-14be-4cd2-8319-9e89a4eb4a48;Museum Gais;Im Museum am Dorfplatz ist die 1972 gegründete «graphische Sammlung» untergebracht.;<p>Druckgrafiken und Aquarelle zeigen Ansichten des Dorfes zwischen 1750 und 1900, als in Gais das Molkenkurwesen blühte. Viele der über hundert Werke dienten zur Illustration von Reiseberichten und Geschichtsbüchern. Grossformatigere Arbeiten wurden vornehmlich an Kurgäste verkauft. Heute legen sie beredtes Zeugnis der Dorfentwicklung ab.</p><p>Sonderausstellungen greifen unterschiedlichste Themen mit Bezug zu Gais auf.</p><p>Jeweils sonntags geöffnet. Der Eintritt ist frei. <br>Führung für Gruppen auf Anfrage. </p><p>Alle Museen im Appenzellerland finden Sie unter: www.museen-im-appenzellerland.ch</p>;9.4542223;47.3621805;Dorfplatz 2;9056;Gais;+41 79 469 82 97;museum@gais.ch;https://www.gais.ch/kultur-freizeit/museum;[{'@type': 'ImageObject', 'contentUrl': 'https://alarpimtsoch.sos-ch-dk-2.exoscale-cdn.com/catalog/4/4/4/6/4446153bf77ceb72be044a10d8b67a99788a89c3_dorfplatz.jpg'}];2026-06-10T10:54:48+02:00
f15fd7fa-5857-421f-bfa4-e96387fd5a11;Feuerstelle Moos;9.422371881238885;47.39823024372023;Dorf 9;9053;Teufen;+41 71 335 00 11;gemeinde@teufen.ar.ch;http://www.teufen.ch/xml_1/internet/de/intro.cfm;[{'@type': 'ImageObject', 'contentUrl': 'https://alarpimtsoch.sos-ch-dk-2.exoscale-cdn.com/catalog/6/9/2/b/692b7005a3f9891119962485e0ba2115fe255457_Wetti1.jpg'}];2026-09-03T02:38:56+02:00
f1d0d87f-dd80-440f-b3e5-f6d8cebda790;Feuerstelle Wetti;9.4190807;47.3983782;Dorf 9;9053;Teufen;+41 71 335 00 11;gemeinde@teufen.ar.ch;http://www.teufen.ch/xml_1/internet/de/intro.cfm;[{'@type': 'ImageObject', 'contentUrl': 'https://alarpimtsoch.sos-ch-dk-2.exoscale-cdn.com/catalog/3/f/d/f/3fdfdd07df26efed7f21bd9e564bc61abaf6a2b7_Feuerstelle.jpg'}];2026-09-03T02:43:30+02:00
f5ec4382-dc10-48f5-a254-36159a7c4f0f;Feuerstelle Hochhamm;9.2352925;47.3154057;Unterdorf 5;9105;Schönengrund;+41 71 361 18 18;http://www.schoenengrund.ch/de/;[{'@type': 'ImageObject', 'contentUrl': 'https://alarpimtsoch.sos-ch-dk-2.exoscale-cdn.com/catalog/4/3/8/d/438deb8e430062dd6a6d0f44116e1b07c00c2006_08_2020_sch__nengrund_hochhamm__2_.jpg'}];2026-09-03T02:39:28+02:00
f78ddc42-c8cf-44a7-8036-77e1c4e5ad2a;Appenzeller Schaukäserei - Rundgang Besucherzentrum;So haben Sie das Appenzellerland und die Käsewelt noch nie gesehen.;<p>Die Appenzeller Schaukäserei nimmt Sie mit auf eine Entdeckungsreise der besonderen Art: Von der Handwerkskunst des Käses bis in die Weiten und Schönheiten des Appenzellerlands. Hier spürt man, dass Tradition und Brauchtum noch gelebt werden. Genau diese Verbundenheit mit Ihrer Heimat macht die Appenzeller Menschen so einzigartig. 

Das Schaufenster des weltbekannten Appenzeller Käses liegt inmitten einer hügeligen, idyllischen Landschaft. Finden Sie heraus, wieso der Appenzeller Käse der würzigste Käse überhaupt ist. Sein Rezept der Kräutersulz bleibt dennoch streng geheim. Es liegt etwas in der Luft, der Duft der Kräuter. Erstellen Sie Ihre Kräutermischung, die Sie nach Hause nehmen können. Lauschen Sie den typischen Klängen aus dem Appenzellerland. Bestaunen Sie den imposanten Käsekeller, wo bis zu 12‘500 Laibe lagern und lassen Sie sich faszinieren durch den Blick in das Käsekessi. Schauen Sie in die Weite des Alpsteingebirges: Mit einem Fernglas erleben Sie einen virtuellen 360 Grad Rundblick.

Mit dem Audioguide können auch internationalen Gäste, welche mit der deutschen Sprache nicht vertraut sind, in die Welt des Käses eintauchen. In Form einer App kann der Guide über das kostenlose WLAN heruntergeladen werden und ist in 8 Sprachen verfügbar: Englisch, Französisch, Spanisch, Portugiesisch, Italienisch, Chinesisch, Japanisch und Koreanisch. 

Kommen Sie vorbei, tauchen Sie ein in die Heimat, den Genuss und Geschmack.
</p><p>
</p><p>Eintrittspreise<br>Individuell Erwachsene: CHF 13.00<br>Individuell Kinder (bis 16 Jahre): CHF 8.00<br>Individuell Familie: CHF 32.00<br>Individuell Student / IV-Bezüger: CHF 12.00</p><p>Eintritt mit Führungen (Voranmeldungen notwendig)<br>Kleingruppen bis 6 Personen pauschal: CHF 150.00<br>Kleingruppen von 7 bis 15 Personen pauschal: CHF 180.00</p>;9.344712;47.373415;Dorf 711;9063;Stein;+41 71 368 50 70;info@schaukaeserei.ch;http://www.schaukaeserei.ch/;[{'@type': 'ImageObject', 'contentUrl': 'https://alarpimtsoch.sos-ch-dk-2.exoscale-cdn.com/catalog/5/1/0/7/510727398f7613e7a536919bf450132c38d88267_20200721_Schauk__serei_1.jpg'}];2026-09-03T02:39:46+02:00
f7d04cb4-73ae-418d-839d-5a36fb816be9;Feuerstelle Steinfluh;<p>Die Feuerstelle l&auml;sst sich zu Fuss in wenigen Minuten von der Postautohaltestelle Steinflue auf der Linie Urn&auml;sch-Schw&auml;galp erreichen und ist Teil des Lillywegs, mit einem Glockenspiel und kleiner Spielh&uuml;tte. Sie liegt am jungen Bach Urn&auml;sch auf 985 m &uuml;. M. mit M&ouml;glichkeit zum plantschen.</p><p>Vorhanden ist:</p><ul><li>Feuerstelle mit Rost und Sitzb&auml;nke</li><li>Brennholz</li><li>Spielh&uuml;ttchen &amp; Glockenspiel</li><li>Abfallbeh&auml;lter</li></ul>;9.289101362228395;47.270792017307876;Steinflue;9107;Urnäsch;+41 71 364 26 40;praesident_verkehrsvereinurnaesch@protonmail.com;[{'@type': 'ImageObject', 'contentUrl': 'https://alarpimtsoch.sos-ch-dk-2.exoscale-cdn.com/catalog/2/b/f/4/2bf4c9579043eb6af483a844ef58104452b89462_Urn__sch_Feuerstelle_Steinfluh.jpg'}];2026-09-03T02:39:45+02:00
