id;name;disambiguatingDescription;description;longitude;latitude;streetAddress;postalCode;addressLocality;telephone;email;url;image;dateModified1a336517-b4aa-4d3b-9d08-d6bf125e55ae;Textildorf - Führung durch Rehetobel;Rehetobel - Ein ehemaliges Textildorf erleben.;Rehetobel war um 1900 ein Zentrum der textilen Heimindustrie. Hier wurde für die bekannten Handels- und Textilhäuser in St. Gallen und Speicher anfänglich gewoben und später gestickt und auch eigener Handel betrieben. Auf einer textilhistorischen Führung erfahren Sie über das Leben der Weber und Sticker sowie die lokale Wirtschafts-, Bau- und Sozialgeschichte als ein Teil der Ostschweizer textilen Vergangenheit.

Auf Wunsch können Sie im Anschluss an die Führung eine Besichtigung bei der Stickereifirma Walter Sonderegger AG reservieren. Die Firma ist auf hochwertige Stickereien für Lingerie und Damen Oberbekleidung spezialisiert. Der Betrieb liegt ausserhalb des Dorfes, weshalb Fahrzeuge benötigt werden.

Dauer: ca. 1 1/2 Stunden Dorfführung, 45 Minuten Stickereibesichtigung
Teilnehmer: 5 - 12 Personen
Kosten: CHF 10.00 pro Person;9.482944607734682;47.42699850914466;St.Gallerstrasse/Dorf;9038;Rehetobel;+41 71 877 21 42;h.m.meier@bluewin.ch;https://textildorf.ch/;[{'@type': 'ImageObject', 'contentUrl': 'https://alarpimtsoch.sos-ch-dk-2.exoscale-cdn.com/catalog/1/3/1/8/1318ad8453154e7a65f9606baadc6b545f27d33d_Bildschirmfoto_2021_01_27_um_14.23.49__3.png'}];2026-06-10T10:54:29+02:00
370931b2-c407-4851-88ae-af3147e62d8a;Von Frauen, Frieden und Heiden;Geschichte auf einer interaktiven Dorfführung in Heiden erleben;Lassen Sie sich auf einer interaktiven Dorfführung durch Heiden geschichtlich verwöhnen.

Interaktive Führung durch das historische Dorf Heiden. Wir besprechen die Zusammenhänge zwischen Henry Dunant, Heiden, Frieden und Frauen. Eine Tour, die bestimmt auch die Männerwelt interessiert.

Dauer: 2 Stunden
Teilnehmer: max. 25 Personen
Kosten: CHF 190.00;9.53495;47.44492;Bahnhofplatz 1;9410;Heiden;+41 71 898 33 01;heiden@appenzellerland.ch;https://appenzellerland.ch/de/;[{'@type': 'ImageObject', 'contentUrl': 'https://alarpimtsoch.sos-ch-dk-2.exoscale-cdn.com/catalog/1/c/b/d/1cbdc274dd1a46149ce53fb28621b687a3480ab1_dorfplatz_luftbild.jpg'}];2026-06-10T10:54:33+02:00
5e2897ea-becc-4a2f-abe1-44af38fcdd5d;Dorfführungen im Appenzellerland;Tauchen Sie auf einem erlebnisreichen Rundgang ein in die Geschichten der verschiedenen Dörfer im Appenzellerland.;In folgenden Dörfer im Appenzellerland sind Dorfführungen möglich: Heiden (jeweils am Mittwochnachmittag ohne Voranmeldung möglich - <a href="https://appenzellerland.ch/de/informieren/aktuelles/veranstaltungen.html?eventId=1135046989" target="_blank">zu den Veranstaltungen</a>), Herisau, Gais, Rehetobel, Trogen, Urnäsch und Walzenhausen. Lernen Sie bei einem stündigen Rundgang Wissenswertes über die Geschichte des Dorfes. Oder Sie entscheiden sich für eine Thematische Dorfführung.

Dauer: ca. 1 Stunde
Kosten auf Anfrage

Gerne unterbreiten wir Ihnen ein passendes Angebot.;9.5342523;47.444958;[{'@type': 'ImageObject', 'contentUrl': 'https://alarpimtsoch.sos-ch-dk-2.exoscale-cdn.com/catalog/0/7/1/7/0717dc1c28a4aa0454d70079a0709f2b9f9e35bb_heiden_dorff__hrung.jpg'}];2026-06-10T10:54:37+02:00
885f470a-2e85-4368-98a2-00ecf31d1d42;Führung zum Chindlistein Heiden;Wandeln Sie auf den Spuren der Alemannen zum mystischen Chindlistein.;Als Chindlistein (auch Kindlistein oder Tittistein) werden Felsen bezeichnet, mit denen ein Fruchtbarkeitskult verbunden wird. 
Der Chindlistein nahe Heiden übt auf die Menschen seit über 1000 Jahren eine besondere Ausstrahlung und Anziehung aus. Lernen Sie auf einer geführten Wanderung diesen geheimnisvollen Ort und seine Umgebung auf den Spuren unserer Ahnen kennen.

Dauer: 2 bis 3 Stunden
Teilnehmer: max. 25 Personen
Kosten: CHF 230;9.53669;47.44605;Bahnhofplatz 2;9410;Heiden;+41 71 898 33 01;heiden@appenzellerland.ch;[{'@type': 'ImageObject', 'contentUrl': 'https://alarpimtsoch.sos-ch-dk-2.exoscale-cdn.com/catalog/b/2/2/7/b227e12dc4eb11f72ee7399c59822532741a137b_20170328_182104.jpg'}];2026-06-10T10:54:38+02:00
8919643e-f0a9-42e7-b721-c53a56a3f591;Biedermeier - Führung durch Heiden;Dorfführung auf den Spuren des Biedermeier.;<p>Begeben Sie sich auf eine Zeitreise zur&uuml;ck in die 40er Jahre des 19. Jahrhunderts. Erleben Sie einen Gang durch Geschichte und Kultur des Biedermeierdorfes Heiden um 1840. Wieso heisst es &uuml;berhaupt Biedermeierdorf? Was hat es auf sich, mit den dreigeschossigen Walmdachh&auml;usern, den Einzelfenstern und den Dreiecksgiebeln? Dies alles erfahren Sie w&auml;hrend eines aussergew&ouml;hnlichen Rundgangs durch unser Dorf, hoch &uuml;ber dem Bodensee, wo Ihre Begleitperson Sie in einem originalen Biedermeier-Kost&uuml;m durch das Dorf f&uuml;hren wird. Dauer: 1 &ndash; 1.5 Stunden Teilnehmer: max. 25 Personen Kosten: CHF 220.00 (mit Kirchturm CHF 270.00)</p>;9.53669;47.44605;Bahnhofplatz 2;9410;Heiden;+41 71 898 33 01;heiden@appenzellerland.ch;[{'@type': 'ImageObject', 'contentUrl': 'https://alarpimtsoch.sos-ch-dk-2.exoscale-cdn.com/catalog/7/9/8/6/79868bae7b99f0c48954a21862024987e4bd7e50_webimage_B52C1B28_A827_49BA_B7C23BF612FE66EB_1_.jpg'}];2026-06-10T10:54:41+02:00
a98e26e4-1a26-4588-a251-aa19fbe9c3d9;Säntis - Führungen Schwägalp und Säntisgipfel;Ob auf dem Gipfel oder im Tal - es gibt einiges zu erleben!;Schauen Sie dem Käser auf der Schwägalp bei der Arbeit zu, erfahren Sie Interessanten über den NaturErlebnispark oder tauchen Sie in die Erlebniswelt auf dem Gipfel ein. 
Entdecken sie unsere vielfältigen Führung:
- Öffentliche «Säntisgipfel»-Führung (montags)
- Führung «Säntisgipfel»
- Führung «Säntis - der Wetterberg»
- Hotelführung «Säntis - das Hotel»
- Führung «Bahnanlage der Talstation»
- Führung «Alpschaukäserei Schwägalp»
- Führung «NaturErlebnispark entdecken»
- Führung «NaturErlebnispark vertiefen»

Dauer: ca. 1-2 Stunden
Teilnehmer: Ab 8 Personen
Kosten: pro Gruppe CHF 190.00 / kombiniert mit einer Gastronomieleistung in einem der Gasthäuser kostet die Führung pro Gruppe CHF 130.00. Die Führung «NaturErlebnispark vertiefen» kostet CHF 250.00 pro Gruppe;9.3192548;47.256134;9107;Schwägalp Säntis;+41713656545;event@saentisbahn.ch;https://saentisbahn.ch/erlebnis/seminare-gruppen/gruppen-und-rahmenprogramme/;[{'@type': 'ImageObject', 'contentUrl': 'https://alarpimtsoch.sos-ch-dk-2.exoscale-cdn.com/catalog/0/8/e/b/08eb9d7af268391f13437b90b61a9295c76d529f_Computerformat_4_3_schwellbrunn_sitz_s__ntis.jpg'}];2026-06-10T10:54:42+02:00
ae0a35ea-5a60-4658-8eb2-520ac9f28a7b;Goba Manufaktur (Bühler) - Erlebnisführung;Tauchen Sie ein in die Welt der Goba und erhalten Sie einen Überblick in die mit Bedacht von Hand gemachten Produkte. In der Manufaktur am Standort in Bühler wird an Rezepturen getüftelt. Hier sind auch das Bestellbüro und sämtliche Logistik inkl. Versand beheimatet.;Mit der Goba Manufaktur wurde dem Kerngeschäft einen Zweig hinzugefügt, in dem Kräuter, Beeren und Blüten die Hauptrolle spielen. Eigentlich naheliegend für das Unternehmen, dessen Herzstück natürliche und regionale Produkte sind. Die Manufaktur Spezialitäten reichen von Bitter über erlesene Liköre bis hin zu Teemischungen, Punsche, Sirupe oder Konfis und werden nach eigenen Rezepten handgefertigt . 

In Bühler AR erhielt die Goba Manufaktur 2014 ein neues Zuhause. In der wunderbaren Tüftelküche entstehen mit "Bedacht von Hand gemachte" Köstlichkeiten und neben legendären Klassikern auch saisonale Experimente und spannende Innovationen. Sehen Sie wie fleissige Hände in glänzenden Töpfen rühren, feinste Köstlichkeiten in schmucke Gläschen und Flaschen abgefüllt oder unzählig viele Nidelzeltli von Hand gebrochen und verpackt werden.

Bei uns dürfen Sie aber auch gleich selbst Hand anlegen und Ihr eigenes Kräutersalz herstellen. Auf dem 2 stündigen Rundgang erwarten Sie mehrere Degustationspunkte, ein regionaler Apéro und viel Spannendes rund um die Geschichte der Goba.;9.4054825116409;47.375833854044;Austrasse 8;9055;Bühler;+41 71 795 30 50;info@goba-welt.ch;https://goba-welt.ch/standorte-anfragen/betriebsbesichtigung;[{'@type': 'ImageObject', 'contentUrl': 'https://alarpimtsoch.sos-ch-dk-2.exoscale-cdn.com/catalog/6/0/1/3/6013739146ee387e359a9ddaa0ae6a8eb4da0638_Goba_Bild_.jpg'}];2026-06-10T10:54:42+02:00
daf85931-1fb0-49eb-9957-7a87c063902f;Appenzeller Alpenbitter - Geführter Rundgang und Degustation;Als der 20-jährige Emil Ebneter 1902 in Appenzell seine eigene Spirituosenhandlung gründete, legte er damit den Grundstein für die heutige Appenzeller Alpenbitter AG. Lassen Sie sich bei einer Führung durch die Kräuterwelt auf eine heisse Spur bringen.;Erleben Sie die Kräuterwelt mit allen Sinnen und kommen Sie dem gut gehüteten Geheimnis näher: dem Originalrezept des Appenzeller Alpenbitters mit 42 auserlesenen Kräutern.

Auf einem Rundgang erfahren Sie mehr über die 42 Kräuter, das Brennen von Spitzenprodukten und den Familienbetrieb.
Nachdem Sie viel Spannendes über die Brenntradition und die Herstellung erfahren haben, ist es Zeit, den Appenzeller Alpenbitter und weitere Spezialitäten bei einer Degustation kennenzulernen. Sämtliche Produkte können Sie im Laden kaufen.

Buchbar ab 10 Personen (max. 60 Personen pro Führung)
Wann: Auf Voranmeldung
Dauer: ca. 1.5 Stunden
Kosten: Kostenlos;9.413917057033657;47.32892515;Weissbadstrasse 27;9050;Appenzell;+41 71 788 37 88;info@appenzeller.com;https://www.appenzeller.com/;[{'@type': 'ImageObject', 'contentUrl': 'https://alarpimtsoch.sos-ch-dk-2.exoscale-cdn.com/catalog/b/d/e/d/bdedb979705cef6c90b4f02df953e3c6fc5f7b9d_App_kraeuterwelt_01.jpg'}];2026-06-10T10:54:46+02:00
