id;name;disambiguatingDescription;description;longitude;latitude;streetAddress;postalCode;addressLocality;telephone;email;url;image;dateModified01282b25-f32c-49ef-9f0e-54b3c3eafc24;BeDas Cafe GmbH;Gemütliches Café mit frischen, regionalen Bäckerei und Geschenkartikeln –alles auch in Laden «to go» erhältlich. ;Im BeDas Cafe sind Bäckereiartikel aller Art, Geschenke, selbstgemachte Patisserie und Gebäcke im Angebot. Im Café geniessen Sie die frischen Produkte vor Ort – und dazu den besten Kaffee im Herzen von Heiden. Es ist ein gemütlicher Treffpunkt für alle. Ob zum Zmorge, zum Znüni oder zum Dessert, bei uns sind Sie an der richtigen Adresse.
;9.53607805767112;47.44562202047335;Bahnhofstrasse 2;9410;Heiden;+41 71 571 26 26;info@bedas-cafe.ch;https://bedas-cafe.ch/;[{'@type': 'ImageObject', 'contentUrl': 'https://alarpimtsoch.sos-ch-dk-2.exoscale-cdn.com/catalog/1/6/1/7/16171387e2b66fc3b522a866f29716aa2b6a1037_20240308_131031.jpg'}];2026-07-10T08:26:02+02:00
019f2a07-7aba-4900-8c92-c560af420c64;Restaurant Appenzeller Schaukäserei;Feinste Appenzeller Gerichte im Restaurant der Appenzeller Schaukäserei;Im Restaurant fühlt man sich sofort wohl und kann täglich durchgehend warm essen. Käse ist natürlich der Trumpf auf der Speisekarte. Zudem gibt es jeden Sonntagmorgen ein reichhaltiges Frühstücksbuffet. Und auch für jene, die gerne selber kochen, bietet das Höckli eine Attraktion: Im Käsekessi können die Besucherinnen und Besucher Käsehörnli zubereiten.;9.344723;47.373531;Dorf 711;9063;Stein AR;+41 71 368 50 70;info@schaukaeserei.ch;https://www.schaukaeserei.ch/restaurant;[{'@type': 'ImageObject', 'contentUrl': 'https://alarpimtsoch.sos-ch-dk-2.exoscale-cdn.com/catalog/d/2/4/f/d24f850c6a1781fc711ba38a48650d4f87cfa577_Restaurant_Schauk__serei_2.jpg'}];2026-07-10T08:26:02+02:00
12d96258-248f-4309-bad6-f2b6161a3ad8;Haus zur Stickerei – Feste feiern mit Herz;Wir verwöhnen Sie und Ihre Gäste und verzaubern Ihr privates und geschäftliches Fest in unvergessliche Momente.;<p>Das Sticklokal bietet Platz f&uuml;r bis zu 55 Personen. <br>Unsere K&uuml;che ist regional, schweizerisch und wir kochen mit Freude.</p><p>Jeden letzten Donnerstag im Monat ist die Stobe + Bar ab 17.00 Uhr ge&ouml;ffnet (Juli/August Sommerpause). <br>Es finden ebenfalls &ouml;ffentliche kulturelle Veranstaltungen statt.</p><p>Aktuelles finden Sie immer unter www.hauszurstickerei.ch</p>;9.520428;47.4343377;Unterrechstein 8;9410;Heiden;+41 76 741 24 76;info@hauszurstickerei.ch;http://www.hauszurstickerei.ch/;[{'@type': 'ImageObject', 'contentUrl': 'https://alarpimtsoch.sos-ch-dk-2.exoscale-cdn.com/catalog/b/3/e/7/b3e7c1600530d709ce12a75de479b6573733e96a__DSC3089_kl__2.jpg'}];2026-07-10T08:26:02+02:00
24748c3a-5642-490b-a48d-276e5a1bf358;Bäckerei-Konditorei Meyerhans;Bäckerei, Konditorei, Café und Restaurant in einem!;In unserer Bäckerei stellen wir täglich frisch die verschiedensten Brotsorten unter dem Reinheitsgebot des Naturel Labels  her.
In unserer Konditorei finden Sie alles was süsse Herzen höher schlagen lässt.
Unsere Produkte werden alle nach strengen Produktionsrichtlinien und gesunden Zutaten produziert. Von Torten über Patisserie bis zum Dessertbuffet für Ihr Fest.
Ebenfalls in der Konditorei hergestellt werden unsere feinen Appenzeller-Biber, die schon mehrere Preise gewonnen haben.;9.6017416;47.4514749;Dorf 51;9428;Walzenhausen;+41 71 888 14 80;info@beckmeyerhans.ch;http://www.beckmeyerhans.ch/;[{'@type': 'ImageObject', 'contentUrl': 'https://alarpimtsoch.sos-ch-dk-2.exoscale-cdn.com/catalog/e/4/3/a/e43a495d3f8ad3531def2b21a1f6bf5186f4e3c7_B__ckerei_Konditorei_Meyerhans__Walzenhausen.jpg'}];2026-07-10T08:31:40+02:00
5dac0c92-4a19-47fa-b74d-4153152f0cef;Restaurant und Metzgerei Ochsen Schönengrund;Passende Räumlichkeiten für Hochzeits- oder Geburtstagsfeste und Familien- oder Firmenanlässe;Das Restaurant Ochsen bietet grosse und kleine Räumlichkeiten für jegliche Anlässe unterschiedlicher Gesellschaften an.
So abwechslungsreich wie das Essen und Trinken ist auch das Ambiente der Räume. Von gemütlich-urchig über edel-rustikal bis hin zu einfach-heimelig ist alles vorhanden. Die wichtigsten Werte im «Ochsen» sind zufriedene Gäste, eine traditionelle, gut bürgerliche Küche, hausgemachte Produkte, regionale und gesunde Qualität. 

Hinter dem Betrieb des Restaurants Ochsen steht auch eine Metzgerei. Das Fleisch wird aus der hauseigenen Schlachtung verarbeitet. Die Tiere stammen von Landwirtschaftsbetrieben aus nächster Umgebung, aus dem Appenzellerland und Neckertal. Der Metzgereiladen befindet sich im Landigebäude an der Hauptstrasse 10 in Schönengrund.;9.226351544337252;47.32774135;Unterdorf 20;9105;Schönengrund;+41 71 361 11 04;info@ochsen-signer.ch;https://www.signer-gastro.ch/;[{'@type': 'ImageObject', 'contentUrl': 'https://alarpimtsoch.sos-ch-dk-2.exoscale-cdn.com/catalog/1/7/1/5/1715da235eefd1f9fc73b3459021104bcbb18d18_Ochsen_Sch__nengrund.jpg'}];2026-07-10T08:26:03+02:00
7649439a-3c24-4b49-9cbb-ddec6b477775;Restaurant Engel Herisau;Wer hier einkehrt, fühlt sich in die gute alte Beizenzeit zurückversetzt. In eine Gaststube, wo noch Römer und Tschumpeli ausgeschenkt werden, wo am Stammtisch über Gott und die Welt diskutiert oder ein Jass geklopft wird.;<p><span style="font-size: 12.0pt; line-height: 115%; font-family: 'Aptos',sans-serif; mso-ascii-theme-font: minor-latin; mso-fareast-font-family: Aptos; mso-fareast-theme-font: minor-latin; mso-hansi-theme-font: minor-latin; mso-bidi-font-family: Arial; mso-bidi-theme-font: minor-bidi; mso-ansi-language: DE-CH; mso-fareast-language: EN-US; mso-bidi-language: AR-SA;">Im &laquo;Engel&raquo; </span>treffen sich Handwerker zum Zn&uuml;ni. Am Mittag werden Tagesmen&uuml;s zu moderaten Preisen serviert &ndash; inklusive Salat und Suppe. Nachmittags geniessen Wanderer einen Zvieri oder Coupe mit saisonalen Fr&uuml;chten. Am Abend lassen sich Familien zum Nachtessen nieder, und Vereine aus Herisau und Umgebung genehmigen sich nach Training oder Probe einen Absacker.</p><p class="MsoNormal">Und wen der Hunger plagt, dem zaubert unser Koch Hampi auch zu sp&auml;ter Stunde etwas Gluschtiges auf den Teller.</p><p class="MsoNormal">Anl&auml;sse sind im Saal bis zu 40 Personen durchf&uuml;hrbar.&nbsp;</p>;9.2603454;47.3889704;Degersheimerstrasse 76;9100;Herisau;+41 71 351 18 77;info@engel.rest;https://www.engel.rest/;[{'@type': 'ImageObject', 'contentUrl': 'https://alarpimtsoch.sos-ch-dk-2.exoscale-cdn.com/catalog/0/c/e/8/0ce83d8b6c74dd9651d2c95bacc4173747c293e1_DSC_3597.jpg'}];2026-07-10T08:26:03+02:00
9b806ef0-f838-4e17-a6d3-19ee116ca605;Restaurant Mineralbad;Das Restaurant Mineralbad gehört zu einer der ältesten Wirtschaften im Appenzellerland und gilt als eine der Wiegen des Appenzeller Kurtourismus.;1463 wurde die Heilquelle Unterrechstein erstmals urkundlich erwähnt. Seit über 300 Jahren wird das heilsame, mineralhaltige Wasser zum Baden genutzt, anfänglich in einfacher Behausung, später im Gasthaus Mineralbad, zuerst in Holzzubern und dann in Blechbadewannen. 
Mit dem Bau des Appenzeller Heilbads in den 1980er-Jahren verlor das Restaurant Mineralbad seine Rolle als «Bädli». Aber es blieb das gemütliche, geschichtsträchtige Gasthaus. Seit es leicht umgebaut wurde und Albert Küng nebst dem Heilbad-Bistro auch die Leitung des Restaurants Mineralbad übernommen hat, erlebt es einen neuen Aufschwung. Eine kleine, aber feine Speise- und Weinkarte mit saisonaler und regionaler Küche lädt zum Verweilen ein. 
Das Restaurant bietet bis zu 40 Personen grosszügig Platz. Im traditionellen Mineralbad-Stübli können bis zu 12 Personen bedient werden. 
Auf Anfrage können Veranstaltungen auch ausserhalb der offiziellen Öffnungszeiten gebucht werden.;9.515908956527712;47.430144592248;Unterrechstein 285;9035;Grub;+41 71 898 33 88;restaurant@heilbad.ch;https://www.restaurant-mineralbad.ch/;[{'@type': 'ImageObject', 'contentUrl': 'https://alarpimtsoch.sos-ch-dk-2.exoscale-cdn.com/catalog/9/1/a/0/91a0dc1a19eb17e794fb356c7ba03d6c8651cff9_Restaurant_Mineralbad_altes_Bild.png'}];2026-09-03T02:43:42+02:00
a7419508-b100-428a-b308-5a3127d0e4e2;Wirtschaft Rütegg;Die Wirtschaft «Rütegg» ist ein Wander- und Literaturbeizli in Oberegg im Appenzeller Vorderland.;<p>Die Wirtschaft R&uuml;tegg liegt an einem stillen Ort abseits der grossen Strassen. Eine kleine Gartenbeiz l&auml;dt zum Verweilen und Geniessen ein, mit Sicht auf den Bodensee und die ganze Vorarlberger Alpenkette. Die &laquo;R&uuml;tegg&raquo; - ein Beizli f&uuml;r Menschen, die Ruhe, Gem&uuml;tlichkeit und Kultur sch&auml;tzen.</p>;9.5270095;47.422786;Rüteggstrasse 48;9413;Oberegg;+41 71 888 15 56;ruetegg.oberegg@bluewin.ch;http://www.ruetegg.ch/;[{'@type': 'ImageObject', 'contentUrl': 'https://alarpimtsoch.sos-ch-dk-2.exoscale-cdn.com/catalog/1/0/3/e/103ec9113f85afb6f4e61f241ce59318dcd4edb3_Restaurant_R__tegg.jpg'}];2026-09-03T02:43:30+02:00
af272a07-8535-49de-b55b-0f397cbbaea2;Panorama-Restaurant Säntisgipfel;Geniessen Sie auf 2502 m ü. M. den Ausblick auf das umliegende Alpenpanorama und entdecken Sie unser kulinarisches und kulturelles Angebot.;<p><strong>Hinweis: Die S&auml;ntis-Schwebebahn ist infolge Erneuerung der Bahn von 1. Mai bis Sp&auml;therbst 2026 eingestellt. Das Panorama-Restaurant S&auml;ntisgipfel ist geschlossen. Das Hotel und die Restaurationsbetriebe auf der Schw&auml;galp sind ge&ouml;ffnet.</strong></p><p>Der S&auml;ntisgipfel liegt 2502 Meter &uuml;ber Meer und ist damit der h&ouml;chste Punkt des Appenzellerlandes. Kulinarisch verw&ouml;hnen lassen kann man sich hier aber genauso wie im Tal, sei es im bedienten oder im Selbstbedienungs-Bereich des Restaurants. Neben den kulinarischen Highlights erleben Sie ausserdem an den Erlebnisfahrten atemberaubende Sonnenaufgangsfahrten, Sonnenunterg&auml;nge und sternenklare Nachthimmel.</p><p>&nbsp;</p>;9.3425129;47.2492861;9107;Säntis;+41 71 365 65 00;gipfel@saentisbahn.ch;https://saentisbahn.ch/gastronomie/saentisgipfel/;[{'@type': 'ImageObject', 'contentUrl': 'https://alarpimtsoch.sos-ch-dk-2.exoscale-cdn.com/catalog/3/d/8/f/3d8fbbd3ada6a919d6f515d7881aa78c339a6a88_16_07_20_3029.jpg'}];2026-07-10T08:31:43+02:00
ba5a68fd-24f3-479f-89b1-b7db31de2faa;Kafi Platz Drü;Im Herzen von Gais mit fantastischer Aussicht;Herzlich Willkommen in unserem wunderbaren PLATZ DRÜ.
Im gemütlichen Ambiente der Gaststube mit schönster Aussicht Richtung Alpstein können Sie bei uns Kaffee, Tee und vieles mehr geniessen. Wir legen Wert auf regionale und auserlesene Produkte und servieren diese mit viel Flair.
Geniessen Sie eine Auszeit, und lassen Sie sich von den immer wieder wechselnden Dekorationen inspirieren.
Mör freuid üs uf über jeda B‘suach 
Die Gastgeberinnen 
Katja und Monika;9.4539813;47.3621341;Dorfplatz 3;9055;Gais;+41 79 777 27 04;info@platzdrue.ch;https://platzdrue.ch;[{'@type': 'ImageObject', 'contentUrl': 'https://alarpimtsoch.sos-ch-dk-2.exoscale-cdn.com/catalog/f/2/1/d/f21d4b05c63e9fae395dd6017d30ec9401a7ed62_D96F4A94_197F_4F5A_9939_C2E4BD9FD18A.png'}];2026-09-03T02:43:27+02:00
d581aecf-0947-4039-818c-9b771ad2aa18;Urwaldhaus - Wirtschaft zum Bären;Ein Haus voller Geschichte, Kultur und Möglichkeiten.
So nah und doch weit weg vom Alltäglichen.;Die Wirtschaft zum Bären, besser bekannt unter dem Namen Urwaldhaus, gehört zu den ältesten Gebäuden Rehetobels. Seine Anfänge gehen auf das 16. Jahrhundert zurück. Seit 1805 wird im Haus eine Wirtschaft betrieben. Legendär wurde das Haus in den 1950ern und 60ern durch die Wirtin Frieda Fässler, von allen nur «Bären-Frieda» genannt. Sie verstand es, durch ihre Geschichten alle in den Bann dieses speziellen Ortes zu ziehen. Nach ihrem Tod 1966 kaufte die Gemeinde das kulturell wertvolle Denkmalschutzobjekt. Seither wurde es weiter als einfache Gaststätte betrieben. Das Urwaldhaus bietet urchig-romantische Gaststuben für den geselligen Jass am Stammtisch, feines Essen, erlesene Getränke, Begegnungen, Gespräche und kulturellen Austausch, Räume für Rückzug, Anlässe bis hin zu Seminaren.

Für die Restaurant-Gäste bietet der «Bären» drei heimelig, rustikale Zimmer zur Übernachtung an. Das Badezimmer mit Dusche befindet sich zur Einzelnutzung auf der Etage.;9.467033;47.4314479;Robach 25;9038;Rehetobel;+41 71 877 13 13;kontakt@urwaldhaus.ch;https://urwaldhaus.ch/;[{'@type': 'ImageObject', 'contentUrl': 'https://alarpimtsoch.sos-ch-dk-2.exoscale-cdn.com/catalog/e/6/b/4/e6b40c64160e354e75c8ae7c348218b30ad2d594_Hauptbild2.jpg'}];2026-09-03T02:38:53+02:00
e39da60f-1814-4cc3-be75-9c3f86f6f876;Bäckerei Kast AG;Die einfache, zauberhafte Holzofen- und Bio- Bäckerei in Reute mit grosser Liebe zum Brot.;Im Mittelpunkt unserer Backstube steht der direkt befeuerte Holzofen: Dort, wo das Feuer entfacht wird, backen die Brote in ruhiger Hitze zu voller Aromatik. Dieses ursprüngliche Backen prägt den Charakter jedes einzelnen Gebäcks.
Täglich entstehen bei uns Brote, Kleinbrote und feines Süssgebäck, hergestellt aus besten biologischen Rohstoffen, mit handwerklicher Sorgfalt und viel Zeit für die Teigreife. Besonders stolz sind wir auf unser grosses Sauerteigbrotsortiment: vielfältig, aromatisch und geprägt von langer Fermentation, die Bekömmlichkeit und Tiefe verleiht.
So verbinden wir ehrliches Handwerk, Geduld und die Kraft des Holzofens zu Backwaren mit unverwechselbarem Charakter, Tag für Tag frisch aus der Backstube.;9.578271934025699;47.416344318153385;Steingocht 1;9411;Reute;+41 71 891 59 55;info@baeckerei-kast.ch;https://www.baeckerei-kast.ch/index.php;[{'@type': 'ImageObject', 'contentUrl': 'https://alarpimtsoch.sos-ch-dk-2.exoscale-cdn.com/catalog/0/5/0/d/050d741b3d01a3501de23cea73f6bfae62dbd686_Baeckerei_Kast_Reute_08.jpg'}];2026-09-03T02:32:26+02:00
f4e7f084-b9fc-4c5b-8a4a-848ba2993329;Säntis – der Berg;Atemberaubende Aussicht auf 2'502 Meter über Meer!;<p><strong>Hinweis: Die S&auml;ntis-Schwebebahn ist infolge Erneuerung der Bahn von 1. Mai bis Sp&auml;therbst 2026 eingestellt. Das Hotel und die Restaurationsbetriebe auf der Schw&auml;galp sind ge&ouml;ffnet.</strong></p><p>Vom 2'502 Meter hohen Gipfel reicht der Blick &uuml;ber 6 L&auml;nder. So grenzenlos wie die Rundsicht sind Ihre M&ouml;glichkeiten rund um S&auml;ntis und Schw&auml;galp. Erlebnisse in einer der sch&ouml;nsten Naturkulissen Europas &ndash; Veranstaltungen und Sonderfahrten das ganze Jahr &ndash; gelebtes Appenzeller Brauchtum und kulturelle H&ouml;hepunkte &ndash; Einblicke in die Erlebniswelten &ndash; dies, viel mehr und das passende kulinarische Angebot unserer Partnerbetriebe: das gem&uuml;tliche Gasthaus Passh&ouml;he, das 3*S&auml;ntis - das Hotel und die Panorama-Restaurants auf dem S&auml;ntisgipfel finden Sie bei uns.</p><p>&nbsp;</p>;9.3192548;47.256134;Schwägalp;9107;Schwägalp;+41 71 365 65 65;kontakt@saentisbahn.ch;http://www.saentisbahn.ch/;[{'@type': 'ImageObject', 'contentUrl': 'https://alarpimtsoch.sos-ch-dk-2.exoscale-cdn.com/catalog/1/a/8/6/1a86f006f6880243b8c5d7649ea84f0119b08328_urn__sch_s__ntis.jpg'}];2026-06-10T14:32:33+02:00
f587a179-e12f-48b6-9e53-a54430d40aaf;Restaurant Schwägalp;Im Restaurant Schwägalp, Teil des modernen Hotels «Säntis – das Hotel», können Sie sich in moderner Atmosphäre zurücklehnen und geniessen wunderbare Aussichten auf das Säntimassiv.;Das Restaurant verfügt über ein Innenrestaurant, eine Terrasse und diverse Räumlichkeiten für Seminare, Bankette und Hochzeiten.  Währschaft, bodenständig, mit regionalen und frischen Produkten: So präsentiert sich die Küche unserer drei Gastronomiebetriebe auf dem Säntis und der Schwägalp. Gerne organisieren wir für Sie Ihren Anlass, sei es eine Hochzeit, ein Geburtstag oder ein Seminar.;9.3188294;47.2563886;9107;Urnäsch;+41 71 365 66 00;hotel@saentisbahn.ch;https://saentisbahn.ch/gastronomie/restaurant-schwaegalp/;[{'@type': 'ImageObject', 'contentUrl': 'https://alarpimtsoch.sos-ch-dk-2.exoscale-cdn.com/catalog/c/4/8/6/c486b86fd7263827c561cc0951b24ece8aa9fc13_20160128_SCHWAEGALP_562.jpg'}];2026-07-10T08:31:44+02:00
fa1b02eb-a517-451a-bcb0-032764ce68c7;Krone Trogen;Ein Bistro, ein Saal, zehn Zimmer. Ein Glas Wein, ein Konzert, eine Übernachtung. Auf drei Stockwerken. Für alle etwas dabei.;<p>Die vier Einzel- und sechs Doppelzimmer der Krone Trogen bieten eine gemütliche Atmosphäre und verbinden Altes mit Neuem. So sind die Geschichte des Hauses und der moderne Zeitgeist spürbar. Die Krone ist ein wunderbarer Ausgangspunkt für eine Wanderung in den Appenzeller Hügeln, einen Museumsbesuch mit dem «Trogner Bähnli» nach St.Gallen oder ein Glas Wein im Krone Bistro. Wer mit Fahrrad oder Rucksack unterwegs ist oder mit der Appenzellerbahn anreist, erlebt im Krone Bistro den besonderen Charme von Trogen hautnah. Das Bistro wird von engagierten Trognerinnen und Trognern geführt, denen Gemeinschaft und lebendiger Austausch im Dorf ein Anliegen sind. Gegen den kleinen Hunger gibt es im Bistro süsse und salzige Kleinigkeiten, immer frisch und knusprig. Die Krone Trogen wurde 1727 erbaut und gilt als zweitältestes, am Platz erhaltenes Haus der Zellweger-Dynastie. Ab 1810 wurde das ehemalige Privathaus zum «Gasthaus Krone». Die Krone ist Teil des Ortsbildes und steht unter Denkmalschutz von nationaler Bedeutung.</p>;9.4654187;47.4079437;Landsgemeindeplatz 3;9043;Trogen;+41 71 508 17 27;hallo@krone-trogen.ch;https://www.krone-trogen.ch/;[{'@type': 'ImageObject', 'contentUrl': 'https://alarpimtsoch.sos-ch-dk-2.exoscale-cdn.com/catalog/5/2/f/9/52f9d215fcca3b2ad213883444ad82172d43a0fa_Gruppenfoto_Betriebsausflug_24.8.2024.jpg'}];2026-09-03T02:40:15+02:00
fa666890-e27f-4d04-8d15-47baab08fe83;Maja Take Away;Stärkung für unterwegs auf dem Witzweg ;Hungrige und Durstige verköstigt Maja Maier beim Take-away-Stand auf dem Chistenpass im Wolfhäldliger Weiler Sonder. Im Angebot sind erfrischende Getränke, selbst gemachter Kartoffelsalat, Schnitzelbrot, Pommes frites und Würste vom Grill - eine ideale Stärkung, um den zweiten Teil des Witzwegs in Angriff zu nehmen. 
In Absprache mit Maja Maier kann auch ein Gruppenapéro vor Ort organisiert werden.
;9.572825431823732;47.44878374669434;Sonder 646 ;9427 ;Wolfhalden;+41 79 441 41 93;fam.majamaier@outlook.com;[{'@type': 'ImageObject', 'contentUrl': 'https://alarpimtsoch.sos-ch-dk-2.exoscale-cdn.com/catalog/e/7/3/2/e7320f2c89ba618e23ffb86ec9d0cd340e7235c5_230531_Imbissstand_Harmonie_Maier_Maja.jpg'}];2026-09-03T02:40:22+02:00
ff12a426-f852-4ffb-aa28-067c91e1a8f5;Erlebnis Waldegg - Essen im Schnuggebock & Restaurant;Das passende Erlebnis: Ob in der gemütlichen Waldegg, im heimeligen Schnuggebock, im lustigen Schulzimmer Tintelompe oder in der gut duftenden Backstube Ziiträdli.;Im Schnuggebock wurde die Zeit behutsam zurückgestellt. In der währschaften Appenzeller Kost präsentiert sich das Beste von Gestern. Einheimische Äpfel statt exotische Orangen, Käse aus hauseigener Produktion, knuspriges Brot. Hier bei Grosi geht alles einen Tick langsamer, genussvoller. Lehnen Sie sich zurück und erfahren Sie die echte Appenzeller Gastfreundschaft.

Im Restaurant Waldegg erwartet Sie hingegen eine zeitgemässe Küche, facettenreich aber bodenständig, essentiell aber raffiniert, lokal aber weltoffen. Die Mission ist es, frische Produkte mit handwerklichen Verfahren so zuzubereiten, dass ihr ursprünglicher Charakter erhalten bleibt und die puren, reinen Aromen zur Geltung kommen. Das Restaurant Waldegg verfügt über eine gemütliche Gaststube mit Kachelofen, einen festlichen Saal bis zu 50 Personen und einer grossen Gartenwirtschaft mit herrlichem Blick in den Alpstein.;9.4106039;47.4027945;Waldeggstrasse 977;9053;Teufen;+41 71 333 12 30;http://www.waldegg.ch/;[{'@type': 'ImageObject', 'contentUrl': 'https://alarpimtsoch.sos-ch-dk-2.exoscale-cdn.com/catalog/0/c/2/9/0c29c0852eced7f63a8dc44fc9cd956149b20bc4_ErlebnisWaldegg_3.jpg'}];2026-06-10T10:54:49+02:00
