id;name;disambiguatingDescription;description;longitude;latitude;streetAddress;postalCode;addressLocality;telephone;email;url;image;dateModified12f39112-3482-4bf7-8afb-1ae98bab9539;Appenzeller Park;Der Appenzeller Park in Herisau ist das wetterunabhängige Erlebnisziel für Familien, Jugendliche und Gruppen: Indoor-Spielplatz, Clip ’n Climb, der Rutschenpark und eine Kletterhalle mit Innen- und Aussenbereich, die für Sportkletterer ein echtes Paradies ist. Ein weiteres Highlight: der Heavy Metal Garden mit dem gigantischen Komatsu PC-8000.;Im Appenzeller Park in Herisau erwartet Sie ein vielseitiger Freizeitpark mit Erlebnissen für jedes Alter, ideal als Familienausflug, Schlechtwetterprogramm, Geburtstag oder Gruppenevent. Familien lieben den grossen Indoor-Spielplatz zum Toben und Entdecken. Wer Action sucht, findet sie beim Kletterparcours Clip’n Climb (fürs Klettern ohne Vorkenntnisse)  und im Rutschenpark.
Ein besonderes Herzstück ist die Kletterhalle: Mit ihrem Innen- und Aussenbereich ist sie für Sportkletterer ein Paradies. Ob ambitioniertes Klettern, regelmässiges Training oder ein aktiver Nachmittag: Hier kommen Kletterfans voll auf ihre Kosten.
Ein weiteres Highlight ist der Heavy Metal Garden: Hier bestaunen Sie den Komatsu PC-8000, einen der weltweit grössten Hydraulikbagger, nur weltweit einmal zu besichtigen - im Appenzeller Park. Ein eindrucksvoller Fotospot und ein Erlebnis, das man nicht alle Tage sieht. Für Pausen und Genuss stehen zwei Bistros mit ingesamt 330 Sitzplätzen bereit, auch Gruppen und Firmen finden attraktive Angebote und passende Rahmenbedingungen.;9.269369224573303;47.389611450000004;Hölzlistrasse 10;9100;Herisau;+41 71 544 99 66;info@appenzellerpark.ch;http://www.appenzellerpark.ch/;[{'@type': 'ImageObject', 'contentUrl': 'https://alarpimtsoch.sos-ch-dk-2.exoscale-cdn.com/catalog/8/a/8/a/8a8af13cc49cc41b3782c28a0000da0e7ae62703_Burg_mit_Junge_stehend.jpg'}];2026-06-10T10:54:28+02:00
276d4b36-cc74-4a91-a5c6-577cc5c477e4;Brocki Gais;Warum neu, wenn’s besser geht?;<p>Das legend&auml;re, charmante Brocki ist in Gais seit 1977 ein nachhaltiges Kaufhaus im nebelfreien Appenzellerland auf verwinkelten 450 Quadratmetern mit allerhand Lustigem, Sch&ouml;nem und Sinnvollem aus garantiert zweiter Hand. Hier findest du fast alles f&uuml;r dein Leben: einen Augenschmaus an Wohn- und Haushaltsobjekten, fr&ouml;hliche Atmosph&auml;re inklusive.</p>;9.44528081440038;47.36019356960496;Grüt 12;9056;Gais;+41 76 26 25 001;kontakt@brocki-gais.ch;https://www.brocki-gais.ch/;[{'@type': 'ImageObject', 'contentUrl': 'https://alarpimtsoch.sos-ch-dk-2.exoscale-cdn.com/catalog/a/6/3/6/a636fd606334224c0066a16413beb2bc5e189da8_Brocki_4.jpg'}];2026-07-10T15:34:19+02:00
3bcfe4f4-37e9-47de-a12f-de343f5fcbac;Breitenmoser Appenzeller Fleischspezialitäten;Die führende Metzgerei für Spezialitäten in der Region – Appenzeller Fleischspezialitäten vom Feinsten!;<p>Die Breitenmoser Appenzeller Fleischspezialitäten AG steht für Tradition, höchste Qualität und Innovation seit 1896.  Für die Produktion von Fleisch- und Wurstwaren wird ausschliesslich Schweizer Fleisch verwendet. Schwein und Poulet kommt ausschliesslich aus der Ostschweiz. Das Unternehmen setzt sich dabei höchste Qualitätsstandards und produziert unter anderem geschützte und prämierte Spezialitäten. 

In den vier Fachgeschäfte, Teufen, Gais, Appenzell und Rorschacherberg, werden die Gäste von ausgebildeten Fachkräften persönlich und individuell beraten. </p><p>Zusätzlich zu den Fachgeschäften gibt es die Breitenmoser GenussEcke an der Hauptgasse in Appenzell. Einem 16/7 Shop mit Self-Checkout und bedienten Zeiten mit Delikatessen, Geschenkvariationen und hauseigenen Fleisch- und Wurstspezialitäten sowie einer Käsetheke und der Möglichkeit zur Degustation.</p><p>Standorte:</p><p>Teufen<br>Im Anker<br>Dorf 10<br>9053 Teufen&nbsp;<br>+41 71 333 27 55<br>teufen@breitenmoser-metzgerei.ch<br><br>Gais<br>Dorfplatz 14<br>9056 Gais<br>+41 71 790 04 26<br>gais@breitenmoser-metzgerei.ch<br><br>Appenzell<br>Spar Frischmarkt<br>Unteres Ziel<br>9050 Appenzell<br>+41 71 780 08 01<br>appenzell@breitenmoser-metzgerei.ch<br><br>GenussEcke (ab 1. Mai)<br>Hauptgasse 13<br>9050 Appenzell<br>+41 71 788 09 70<br>genussecke@breitenmoser-metzgerei.ch<br><br>Rorschacherberg<br>Rosenegg<br>Goldacherstrasse 105<br>9404 Rorschacherberg<br>+41 71 855 31 11<br>rorschacherberg@breitenmoser-metzgerei.ch</p>;9.4281642;47.3203495;Sägehüslistrasse 13;9050;Appenzell Steinegg;+41 71 788 09 80;info@breitenmoser-metzgerei.ch;http://www.breitenmoser-metzgerei.ch/;[{'@type': 'ImageObject', 'contentUrl': 'https://alarpimtsoch.sos-ch-dk-2.exoscale-cdn.com/catalog/3/1/9/e/319e8be36282a26ad03e73b37fc7d891f5b9095d_teufen_breitenmoser.jpg'}];2026-09-21T09:17:48+02:00
3fd05dc9-34c3-44cf-b38d-a66226602324;Freibad Heiden;Die «Häädler Badi» ist noch heute weit herum bekannt wegen ihrer einmaligen Architektur.;Das Schwimmbad bietet ein Sportbecken, ein Sprungbecken mit Sprunganlage, ein Nichtschwimmerbecken und ein Kinderplanschbecken mit Rutschbahn und Spielbach. Für Kinder hat es zudem eine Spielwiese mit Sandkasten, Kinderschaukeln und Kletterturm. Die Gäste können sich durch das Beachvolleyballfeld, den Bouleplatz, die Slackline, den Tischtennis- und den Tischfussballtisch auch ausserhalb des Wassers sportlich betätigen. Das Restaurant und der Kiosk ist auch ohne Eintritt zugänglich.;9.535036;47.442243;Kohlplatz 5;9410;Heiden;+41 71 891 12 23;info@badi-heiden.ch;http://www.badi-heiden.ch;[{'@type': 'ImageObject', 'contentUrl': 'https://alarpimtsoch.sos-ch-dk-2.exoscale-cdn.com/catalog/0/9/0/0/09005187cb75d1f10f985a234d7585b84c8b90bc_Badi_Heiden.jpg'}];2026-07-10T08:31:40+02:00
70f1e24e-1e16-4500-b77d-31dcc3e7dcea;Vali's Bike-Shop;Vali's Bike-Shop 
Ihr Bike-Shop in Rehetobel;<p>Kindervelos, Elektro-Bikes, Elektro-Velos, Citybikes, Tourenvelos, Hardtail, Fully...</p><p>Reparatur, Service, Verkauf und E-Bike-Vermietung</p>;9.483215057755425;47.42670595;Dorf 11 ;9038 ;Rehetobel;+41 71 877 10 77;bike-shop@valikast.ch;https://www.valikast.ch/;[{'@type': 'ImageObject', 'contentUrl': 'https://alarpimtsoch.sos-ch-dk-2.exoscale-cdn.com/catalog/4/1/d/d/41dda592a4a866fcec6aa7b025a91d2fc4ff0fa9_DSC_3425.JPG'}];2026-03-05T16:16:00+01:00
7bcf4ffc-eb85-4b0b-bbdc-b0c65c08e451;Kronberg Luftseilbahn / Bobbahn / Zipline-Park / Märliwelt;Der Kronberg bietet krönende Erlebnisse: Auf dem Berg erwartet dich ein Berggasthaus mit feiner Küche und ein Ausgangsort für Wanderungen oder der längste Schlittelweg der Ostschweiz. Im Tal lädt ein Zipline-Park, eine Märliwelt mit Kugelpark und eine Bobbahn zum Verweilen ein.;<p>Der Kronberg begeistert mit krönenden Erlebnissen im Takt der Natur auf dem Berg und im Tal: Auf dem Berg lädt das Berggasthaus mit Sonnenterrasse zum «höckle ond gnüsse» ein – mit dem atemberaubenden 360-Grad-Panorama vom Alpsteinmassiv bis zum Bodensee. Im Sommer gibt es diverse Wege für abwechslungsreiche Wanderungen. Knifflige Rätsel und viel Abwechslung bieten die zwei Rätselwege. Im Winter lockt der längste Schlittelweg der Ostschweiz. Auch im Tal bieten wir mit der Bobbahn, der Märliwelt mit Kugelpark und dem Zipline-Park ein unvergessliches Erlebnis. Auf der Bobbahn heisst es freie Fahrt für rasanten Spass! In der Märliwelt begleiten Arnika und Jacobi durch ihre Welt voller märchenhafter Abenteuer mit Wasser und Sand bis hin zu luftigen Kletterhöhen. Staunende Kinderaugen sind hier garantiert! Und wer noch etwas mehr Action will, dem raten wir zu Nervenkitzel auf dem Zipline-Park. Neben dem integrierten Seilpark sorgen 25 Ziplines mit insgesamt 1210 Metern Länge für Abwechslung und rasanten Spass. Planst du einen Ausflug mit einer Gruppe? Suchst du dabei etwas Spezielles? Auf die Preise der Luftseilbahn, der Bobbahn, des Zipline-Parks und der Märliwelt gewähren wir Gruppen ab 10 Personen 20% Rabatt auf alle Einzel-Eintrittspreise.</p>;9.32832;47.3198528;St. Josefstrasse 2;9108;Jakobsbad;+41717941289;info@kronberg.ch;https://www.kronberg.ch;[{'@type': 'ImageObject', 'contentUrl': 'https://alarpimtsoch.sos-ch-dk-2.exoscale-cdn.com/catalog/0/e/f/6/0ef65ea84aea0c79de815ccb8bb95ad3ba188fdf_Kronberg_Key_Visual_beschnitten_RGB.jpg', 'caption': {'de': 'Spiel und Spass im Zipline-Park'}}];2026-09-21T09:17:51+02:00
82de4139-5527-4fec-9953-7826ac55ae98;Berg-Käserei Gais AG;Die Berg-Käserei Gais liegt auf 950 m.ü.M eingebettet im hügeligen Appenzellerland und hat einen eigenen Direktverkauf.;<p>Die Berg-K&auml;serei hat je nach Saison bis zu 12 Mitarbeitende und verarbeitet t&auml;glich 50'000 bis 60&rsquo;000 kg feinste Appenzeller Bergmilch zu verschiedenen Halbhart- und Bergk&auml;se-Spezialit&auml;ten sowie zu Raclettek&auml;se. Den Rohstoff dazu liefern rund 60 Milchlieferanten aus dem Appenzellerland, welche im Rahmen ihres QM-Systems j&auml;hrlich auf den H&ouml;fen besucht werden. Somit sind der K&auml;serei die Bauernfamilien, ihre Milchproduktionsbetriebe und die Milchqualit&auml;t bestens bekannt. Umweltbewusste Produktion und die Herstellung hochwertiger Qualit&auml;tsk&auml;se pr&auml;gen die Berg-K&auml;serei Gais. Deshalb wird ausschliesslich Bergmilch aus dem Berggebiet des Appenzellerlandes verarbeitet.</p><p>Der Verkaufsladen befindet sich direkt in der Berg-K&auml;serei in Gais und ist wie folgt ge&ouml;ffnet:</p><ul><li>Freitag: 09.00&nbsp;<span style="font-size: 11.0pt; mso-bidi-font-size: 12.0pt; line-height: 115%; font-family: 'Arial',sans-serif; mso-fareast-font-family: Aptos; mso-fareast-theme-font: minor-latin; mso-ansi-language: DE-CH; mso-fareast-language: EN-US; mso-bidi-language: AR-SA;">&ndash;</span> 11.30 Uhr / 13.30 <span style="font-size: 11.0pt; mso-bidi-font-size: 12.0pt; line-height: 115%; font-family: 'Arial',sans-serif; mso-fareast-font-family: Aptos; mso-fareast-theme-font: minor-latin; mso-ansi-language: DE-CH; mso-fareast-language: EN-US; mso-bidi-language: AR-SA;">&ndash; </span>19.00 Uhr</li><li>Samstag: 07.30&nbsp;<span style="font-size: 11.0pt; mso-bidi-font-size: 12.0pt; line-height: 115%; font-family: 'Arial',sans-serif; mso-fareast-font-family: Aptos; mso-fareast-theme-font: minor-latin; mso-ansi-language: DE-CH; mso-fareast-language: EN-US; mso-bidi-language: AR-SA;">&ndash; </span>12.00 Uhr</li></ul>;9.4488289;47.357302;Forren 22;9056;Gais;+41 71 793 37 33;gais@bergkaeserei.ch;https://www.bergkaeserei.ch/index.php;[{'@type': 'ImageObject', 'contentUrl': 'https://alarpimtsoch.sos-ch-dk-2.exoscale-cdn.com/catalog/9/c/9/8/9c98760e49a84eda57b7776c42244ef8a4f5889e_04_Rustico_Nostrano_2.jpg'}];2026-09-21T09:17:51+02:00
ba0e7fbf-24f4-4281-822e-8540095ec642;Goba Mineralquelle und Manufaktur - Laden Gontenbad;Im Gontenbad befindet sich das Herzstück der Goba AG.;Hier hat in den 1930er Jahren alles begonnen. Hier fliesst unsere Quelle, hier schlägt unser Herz.
Nehmen Sie an einer Führungen teil und erfahren Sie mehr über die Geschichte(n) von Mineralwasser, Flauder & Co. Oder besuchen Sie den Laden und entdecken unsere vielfältigen Köstlichkeiten wie Likör, Konfi, Sirup und Upcycling-Produkte. Das Goba-Team freut sich auf Sie!;9.372748732566835;47.332030970659;Gontenstrasse 51;9108;Gontenbad;+41 71 795 30 30;info@goba-welt.ch;https://goba-welt.ch/standorte-anfragen/gontenbad;[{'@type': 'ImageObject', 'contentUrl': 'https://alarpimtsoch.sos-ch-dk-2.exoscale-cdn.com/catalog/3/e/6/3/3e634bd36f1f6524317f604013c4e4cf34e1e6d1_Gontenbad_Gescha_____ftshaus_17.jpg'}];2026-09-11T02:40:20+02:00
ce850ce6-ddd8-4dfe-b6d7-4aac7e23fd0d;Goba Flauderei;In der Flauderei, mitten in Appenzell, öffnet sich Ihnen eine Märchenwelt. Hier kommt alles zusammen, was die Welt von Goba, Flauder und Co. ausmacht, wird greifbar, riechbar, sichtbar. Einfach flauderhaft!;Die Flauderei ist Ausstellungsraum, Schatzkammer, Erlebnisort und Einkaufsladen in einem. Hier haben die Kräuterspezialitäten aus der Goba Manufaktur ihren grossen Auftritt: All die feinen Kräuterteemischungen, Konfis, Liköre und Bitter, innovative Upcycling-Produkte und weitere Köstlichkeiten in edler Verpackung. Dazu kleine Kunstwerke, handverlesene Mitbringsel und andere Sache-Sächeli, die das Leben schön machen. Es gibt immer Neues zu entdecken. Man kann probieren und degustieren, einen Tee oder Flauder Cocktail geniessen - es sich und seiner Seele einfach gut gehen lassen. Und die Kleinen vergnügen sich unterdessen in der Kinderecke.

Man muss es erlebt haben. Also nichts wie hin!;9.409264020520084;47.330865219048;Hauptgasse 21;9050;Appenzell;+41 71 795 30 58;info@flauderei.ch;https://goba-welt.ch/unternehmen/ueber-uns/flauderei;[{'@type': 'ImageObject', 'contentUrl': 'https://alarpimtsoch.sos-ch-dk-2.exoscale-cdn.com/catalog/2/9/3/6/293611086e9fd182f8954773efd734b7649a1584_1A7A8248.jpg'}];2026-09-21T09:17:56+02:00
d89dfeb5-7e25-40f4-bfab-1e0d86fb889f;Werkzeugstation - Urnäsch Kronenparkplatz;Praktische Werkzeugstation mit verschiedenen Schraubenziehern und Schlüsseln.;Diese Werkzeugstation befindet sich beim Parkplatz oberhalb des Bahnhofs Urnäsch auf einer Mauer. (siehe Bild);9.284284114837648;47.31761405650895;9107;Urnäsch;[{'@type': 'ImageObject', 'contentUrl': 'https://alarpimtsoch.sos-ch-dk-2.exoscale-cdn.com/catalog/0/9/4/8/0948cfd255bcc0a2a89732c807d7febcfb9f0b7c_Urn__sch_Werkzeugstation_1.jpg'}];2026-09-11T02:36:26+02:00
e6d8cb3d-44bf-4001-b1e6-53cea5ae119e;Appenzeller Schaukäserei - Shop;Einkaufen nach Lust und Laune;Im Spezialitätengeschäft der Appenzeller Schaukäserei finden Sie über 80 verschiedene Käsesorten an der offenen Theke. Lassen Sie sich von der Vielfalt inspirieren und entdecken Sie Ihren persönlichen Favoriten aus dem ganzen Appenzeller® Sortiment. Auch die perfekten Geschenke für Ihre Liebsten oder Ihre Geschäftspartner finden Sie in diesem Shop!;9.3447696;47.373519;Dorf 711;9063;Stein;+41 71 368 50 70;info@schaukaeserei.ch;http://www.schaukaeserei.ch/;[{'@type': 'ImageObject', 'contentUrl': 'https://alarpimtsoch.sos-ch-dk-2.exoscale-cdn.com/catalog/5/2/e/5/52e5beb18d7f36a5ab280cc1cd12d627ced9be0f_20190819_ASK_76.jpg'}];2026-09-21T09:17:57+02:00
