id;name;disambiguatingDescription;description;longitude;latitude;streetAddress;postalCode;addressLocality;telephone;email;url;image;dateModified73ae110f-4739-41cb-a9f8-92eaa3d27d73;Tourist Information Heiden;9.5364856;47.4459718;Bahnhofplatz 1;9410;Heiden;+41718983301;heiden@appenzellerland.ch;http://www.appenzellerland.ch;[{'@type': 'ImageObject', 'contentUrl': 'https://alarpimtsoch.sos-ch-dk-2.exoscale-cdn.com/catalog/f/7/3/4/f7343e1c765f79849c94714f003cddf7d2f12ce3_Goldener_Schnitt_31_19_heiden_dorf.jpg'}];2026-08-27T20:30:51+02:00
8e58214d-5267-4ad6-9fe2-da2ba0cdc7de;Alpenhof – Restaurant, Hotel & Bibliothek;Der Alpenhof ist Restaurant, Hotel und Bibliothek – ein inspirierender und wohliger Rückzugs- und Arbeitsort mit Raum für Austausch, Genuss und Erholung. Friedlich, gerne belebt, stets beseelt. Abgelegen auf dem St. Anton in Oberegg/AI auf 1110 Meter über Meer. Mit Blick über das Rheintal und den Bodensee, trifft Weite auf Weile, Alpstein auf Nebelmeer, Ostschweiz auf Übersee.;<p class="MsoNormal">Zum Ap&eacute;ro voraus, ein mehrg&auml;ngiges Men&uuml;, am Wochenende zu Brunch oder Lunch &ndash; im hellen Panoramasaal, draussen auf der Terrasse und mit Sicht auf die Alpen. Zum Schmausen und St&auml;rken &ndash; am liebsten mit Produkten aus der direkten Umgebung, nachhaltig, hausgemacht und in bester Qualit&auml;t getreu der Haltung von Slow Food.</p>
<p class="MsoNormal">Durch die Kombination von Gastronomie, Unterkunft und Arbeitsraum bietet der Alpenhof einen idealen Ort f&uuml;r Teams und Arbeitsgruppen, f&uuml;r Seminare, Kurse oder Retraiten, f&uuml;r Feste und Feiern. Gerne auf Anfrage auch ausserhalb der regul&auml;ren &Ouml;ffnungszeiten.</p>
<p class="MsoNormal">Die Bibliothek im Alpenhof &ndash; f&uuml;r Hotelg&auml;ste stets zug&auml;nglich &ndash; umfasst rund 10&rsquo;400 Titel zu Themengebieten wie Wetter, Geologie, Astronomie, Physik, Literatur, Fotografie, Kunst, Kitsch und Popul&auml;rkultur. Neben der Bibliothek finden sich im ganzen Haus eine Vielzahl Magazine und B&uuml;cher &uuml;ber Kulinarik, Kunst, Design, Stadtentwicklung und Architektur.</p>
<p class="MsoNormal">Pers&ouml;nlich gef&uuml;hrt und gestaltet vom Kollektiv Alpenhof. Dankbar und verbunden in der gemeinsamen Freude an Gastfreundschaft, Kulinarik, Kultur, Handwerk und Nachhaltigkeit.&nbsp;</p>;9.53592435;47.41010455;St. Antonstrasse 62;9413;Oberegg;+41 71 890 08 04;info@alpenhof.ai;https://alpenhof.ai;[{'@type': 'ImageObject', 'contentUrl': 'https://alarpimtsoch.sos-ch-dk-2.exoscale-cdn.com/catalog/d/f/4/2/df42a0199643043fc8739bf39193495279d3a0df_Alpenhof.png'}];2026-08-26T20:57:46+02:00
90006eac-8b3e-47f8-9339-99be13418772;Werkzeugstation - Bahnhof Walzenhausen;Praktische Werkzeugstation mit verschiedenen Schraubenziehern und Schlüsseln.;Die Werkzeugstation befindet sich links neben dem Eingang zum Bahnhofsgebäude Walzenhausen.;9.6013192;47.4513697;Dorf 42;9428;Walzenhausen;[{'@type': 'ImageObject', 'contentUrl': 'https://alarpimtsoch.sos-ch-dk-2.exoscale-cdn.com/catalog/0/e/0/d/0e0def461b4f42a5c58bf68df7d6e95cf9a7dac3_Werkzeugstation_Walzenhausen_Bahnhof.jpg'}];2026-09-03T02:44:43+02:00
c04d6b55-75c8-4d6a-bcce-c878e3248fa6;Dorfhus Gupf;Boutique-Hotel mit 16 Zimmern und vier Suiten, erste Schweizer Magnothek, Grill-Restaurant, Bar & Zigarren-Lounge und stilvolle Eventräume.;Wir setzen Zeichen in Sachen Schweizer Gastlichkeit, hochwertiger Kulinarik und dörflicher Identität. Als gelebter Bestandteil einer Wirtshauskultur, die vielerorts zu verschwinden droht, bringen wir zusammen, was zusammen gehört. Unsere Bauern, regionale Produzenten, Appenzeller Lebensart und Menschen mit gutem Geschmack und gastrosophischem Anspruch. 

Das Dorfhus Gupf mit seinem Hotelbetrieb, den Gaststuben, einem Festsaal, sowie verschiedene Sitzungszimmer versteht sich als integrativer Bestandteil des dörflichen Lebens und möchte als Kraftort für Jung und Alt, aus nah und fern sein.

Unsere heimische Wildrose, die Hagebutte – das «Täghüffeli» – haben wir als treue Begleiterin auserkoren, die uns auf diesem gemeinsamen und spannenden Wege in vielfältigster Art begleiten wird.;9.482466;47.426737;Kirchstrasse 2;9038;Rehetobel;+41 71 878 70 00;info@dorfhus-gupf.ch;https://dorfhus-gupf.ch/;[{'@type': 'ImageObject', 'contentUrl': 'https://alarpimtsoch.sos-ch-dk-2.exoscale-cdn.com/catalog/2/a/1/b/2a1b60c7c6988a45600c8e51c94f747422424886_rehetobel_dorfhus_gupf.jpg'}];2026-09-03T02:43:30+02:00
ce6c7f87-bbc4-4498-be9c-76319808e637;Fabrikantenhaus Schwellbrunn;Erleben Sie erholsame Ferien im historischen Fabrikantenhaus Schwellbrunn! Dieses liebevoll renovierte Baudenkmal verbindet authentischen Charme mit modernem Komfort und lädt Sie ein, die reiche Geschichte des Hauses zu entdecken. ;<p>Das eindrückliche Gebäude an der Gerenstrasse erzählt die Geschichte der einst blühenden Textilindustrie im Appenzellerland. Im 19. Jahrhundert im klassizistischen Stil der damaligen Fabrikantenhäuser erbaut, zeugt es von der wirtschaftlichen Bedeutung der Region.&nbsp;</p><p>Auf Initiative einer Gruppe aus dem Dorf, wurde die Stiftung Fabrikantenhaus ins Leben gerufen. Dies mit dem Ziel, das Gebäude zu sanieren und einer breiten Öffentlichkeit zugänglich zu machen. Das Projekt konnte im Herbst 2024 abgeschlossen werden. Seither dürfen Feriengäste die besondere Atmosphäre des Fabrikantenhauses fernab der Hektik geniessen. Die Ferienwohnungen werden über die Buchungsplattform der Stiftung Ferien im Baudenkmal vermittelt.&nbsp;</p><p>Im Fabrikantenhaus Schwellbrunn stehen zudem flexibel nutzbare Räume samt gut ausgestatteter Eventküche zur Verfügung, die sich perfekt für verschiedene Anlässe für bis zu 50 Personen anpassen lassen - ob Meeting, Workshop oder festlicher Anlass.&nbsp;</p>;9.250847778086401;47.35357478141015;Dorf 31;9103 ;Schwellbrunn;+41 44 252 28 72;info@fib.ch;http://ferienimbaudenkmal.ch;[{'@type': 'ImageObject', 'contentUrl': 'https://alarpimtsoch.sos-ch-dk-2.exoscale-cdn.com/catalog/9/c/1/b/9c1bc244d98d7650589b858d0bde3451ee1a00df_AR_Schwellbrunn_Fabrikantenhaus3.jpg'}];2026-09-03T02:38:16+02:00
efceda8d-daf6-4840-919c-d68443f0bbd3;TukTuk-Touren;Die schönsten Orte und Plätze im Appenzellerland entdecken bei einer Freiluftfahrt mit dem TukTuk.;Geniessen Sie das einmalige Strassenfeeling im TukTuk. Bei einer Freiluftfahrt erleben Sie das hügelige Appenzellerland mit all seinen Schönheiten und Sehenswürdigkeiten.

Einstündige Tour (1 - 2 Personen): CHF 75.00
Zweistündige Tour (1 - 2 Personen): CHF 150.00
Halbtägige Tour (1 - 2 Personen): CHF 300.00;9.295223251949373;47.3913797;Saumstrasse 6;9100;Herisau;+41 79 669 56 31;ruedi.aerni@calessino.ch;http://www.calessino.ch;[{'@type': 'ImageObject', 'contentUrl': 'https://alarpimtsoch.sos-ch-dk-2.exoscale-cdn.com/catalog/3/8/3/4/38349d11435cebf2473e6eb6f24e4191717e4a24_herisau_business_concierge.jpg'}];2026-09-03T02:43:20+02:00
