id;name;disambiguatingDescription;description;longitude;latitude;streetAddress;postalCode;addressLocality;telephone;email;url;image;dateModified014b5e18-b72d-477d-a162-48e25403b54a;Lillybeizli - Hotpot Alp Fischegg;Geniessen Sie in der freien Natur unter dem Sternenhimmel ein Bad im Hot-Pot mit Blick auf den Säntis.;Egal ob allein, zu zweit oder z.B. bei einem Junggesell(inn)enabschied oder einer Geburtstagsfeier: Lassen Sie den Tag / Abend zu etwas Besonderem werden.;9.2738364137497;47.28431670328028;Alp Fischegg;9107;Urnäsch;+41 78 677 13 81;familie.biser@gmx.ch;https://www.lillybeizli.ch/;[{'@type': 'ImageObject', 'contentUrl': 'https://alarpimtsoch.sos-ch-dk-2.exoscale-cdn.com/catalog/d/1/9/e/d19e9420c2c536021aed682e1aa044c46637befa_hotpot.jpg'}];2026-06-10T10:54:28+02:00
01d8f2ea-48ed-4173-a16e-d5b7758714ec;FloatingOase GmbH;FLOATEN ist in einer Starksole aus Magnesiumsulfat liegen unter bestmöglicher Reduktion von Schall und Licht.;<p>Die FloatingOase in B&uuml;hler verf&uuml;gt &uuml;ber zwei einzelne Wannenb&auml;der (Breite 170 cm, L&auml;nge 230 cm, Tiefe 47 cm, Solestand ca. 30 cm), welche auf Voranmeldung alleine oder zu zweit belegt werden k&ouml;nnen. Jede Einheit verf&uuml;gt &uuml;ber einen kleinen Umkleideraum, WC, Dusche und nat&uuml;rlich &uuml;ber eine grosse Wanne zum Floaten. Die Wanne wird nach jedem Badegang entleert, die Sole durch eine mehrstufige Reinigungsanlage geleitet und der ganze Badebereich gereinigt. Durch die hohe Soledichte wird der K&ouml;rper beim Floaten an der Wasseroberfl&auml;che getragen, wie am Toten Meer. Muskeln, Gef&auml;sse, Organe und das Skelett sind von der Schwerkraft befreit und befinden sich in einer spannungsfreien Haltung ohne Verdrehungen und Druckpunkte. Die an der Hautoberfl&auml;che liegenden Nerven nehmen durch die konstante Wasser- und Umgebungstemperatur von ca. 35⁰C (thermoneutrales Bad) keinen Temperaturunterschied mehr wahr. In Kombination mit der aufgehobenen Schwerkraft, der druckfreien Lage des K&ouml;rpers, der fehlenden visuellen Einfl&uuml;sse und der Stille im Bad k&ouml;nnen sich K&ouml;rper und Geist optimal entspannen.<br><br></p>;9.419968;47.3717319;Bleichelistrasse 22;9055;Bühler;+41 71 793 92 92;info@floatingoase.ch;https://floatingoase.ch/;[{'@type': 'ImageObject', 'contentUrl': 'https://alarpimtsoch.sos-ch-dk-2.exoscale-cdn.com/catalog/6/0/f/6/60f624a09c73a7e5f75f734065a6a8ec3c78ebe5_20260313_FloatingOase_B__hler_8_.jpg'}];2026-06-10T10:54:28+02:00
06cb32a5-4012-4130-ba22-9892e7182f2b;Blumer Fensterwerke AG - Einblick in die Produktion;Neugierig, wie unsere Fenster entstehen?

Dann komm vorbei! Bei einer Führung zeigen wir Dir gerne unsere Werke, unsere Leidenschaft und wie aus Handwerk Qualität wird.;Blick hinter die Kulissen

Erlebe bei einer rund 1 bis 1 ½-stündigen Führung, wie bei uns Kunststoff-/Kunststoff-Metall- sowie Holz- und Holz-Metall-Fenster entstehen – vom einzelnen Profil bis zum fertigen Rahmen.

Du erhältst spannende Einblicke in unsere Produktion und lernst auch unser Pfosten-Riegel-Fassadensystem in Holz kennen.

Sieh live zu, wie unsere Conturex blitzschnell Fensterkanteln zu präzisen Rahmen- und Flügelteilen verarbeitet. Erfahre, wie viel Handarbeit und Fachwissen in einem Holzfenster steckt. Und lass Dich von der automatisierten Verarbeitung der Kunststoff-Profile bis hin zum fertigen Flügel begeistern.

Unsere Räumlichkeiten:
Unsere beiden Dachräume – jeweils mit eigener Aussichtsterrasse – bieten den idealen Rahmen für Sitzungen, Versammlungen oder Kundenevents. Gerne organisieren wir für Dich einen Apéro, ein Frühstück oder einen kulinarischen Höhepunkt nach Wunsch.

Organisatorisches:
Dauer der Führung: ca. 1 – 1 ½ Stunden
Teilnehmende pro Führung: bis 30 Personen
Grössere Gruppen: zwei aufeinanderfolgende Führungen
Kosten: CHF 11.– pro Person


Wichtig:
Am Wochenende sind Führungen ebenfalls möglich – jedoch ohne laufende Produktion.;9.27812;47.35433;Schönengrundstrasse 1;9104;Waldstatt;+41 71 353 08 06;katja.signer@blumer.ch;http://www.blumer.ch;[{'@type': 'ImageObject', 'contentUrl': 'https://alarpimtsoch.sos-ch-dk-2.exoscale-cdn.com/catalog/7/b/0/c/7b0cfe191be6ee127426643e5d8f409af23f3a93_2024_1062.jpg'}];2026-06-10T10:54:28+02:00
130034e1-ce89-4bf8-901e-a6c2a2b1410a;Tiererlebnishof - Alpaka- und Lama-Trekking;Alpaka- und Lama-Trekking auf dem Tiererlebnishof im Appenzellerland mit wunderschönem Panorama und Blick zum Alpstein;<p>Auf dem Tiererlebnishof in Urnäsch leben Alpakas, Lamas, Kaninchen, Hühner, Truthähne und Katzen sowie die Hündin Colline.
Als ausgebildete Bäuerin mit Fachausweis und Wildnis- und Tiergestützte Pädagogin (WIP &amp; Tier) bietet Monika Egli eine Vielzahl von Angeboten auf ihrem Hof an. Besonders beliebt sind Trekkingtouren mit den Alpakas und Lamas. Trekking eignet sich für Paare, welche einen privaten, gemütlichen Spaziergang mit den kuscheligen Tieren geniessen möchten, für Teamausflüge, um sich im Team von einer anderen Seite kennen zu lernen oder das Familienfest, das in einem etwas aussergewöhnlichen Rahmen erlebt werden möchte, sowie für einen gemütlichen Tag unter Freunden. Bevor sich die Gruppe auf den Weg macht, erfahren die Gäste etwas über die Tiere, das Trekking und den Hof und werden mit einem kleinen Apéro verwöhnt. Nach der Einführung folgt der Spaziergang über Wiesen und durch Wälder (ca. die Hälfte der Zeit des gebuchten Trekkings). Zum Schluss können die Tiere als Dankeschön für den Spaziergang gefüttert werden. Jedes Trekking kann an der idyllisch gelegenen Feuerstelle beim Indianertipi im Wald seinen Ausklang finden. Es kann auch ein Grill- oder Fondueplausch dazu gebucht werden.

Wenn Sie mit Ihrem Team, Ihren Kindern oder Freunden bei Spiel und Spass einen ganzen Tag auf dem Tiererlebnishof erleben möchten, haben Sie die Möglichkeit die Tiererlebnishof-Olympiade  dazu zu buchen.

Bedingungen
Da Lamas und Alpakas Angst vor fremden Hunden haben, dürfen diese nicht zum Trekking mitgenommen werden.
Die Verantwortung für die Kinder liegt bei den Eltern und die Versicherung ist Sache der Teilnehmer.
Dem Wetter entsprechende Kleidung und Trekking- oder Wanderschuhe.

Trekkingpreise
Dauer: 1 Stunde (Schnuppertour, exkl. Apéro)
4 - 10 Personen: CHF 33.00 pro Person
11 - 30 Personen: CHF 30.00 pro Person

Dauer: 2 Stunden mit Apero oder Kaffee und Kuchen
4 - 10 Personen: CHF 48.00 pro Person
11 - 30 Personen: CHF 45.00 pro Person

Dauer: 3 Stunden mit Apero oder Kaffee und Kuchen
4 - 10 Personen: CHF 68.00 pro Person
11 - 30 Personen: CHF 65.00 pro Person

Fondue- oder Grill-Plausch:
CHF 25.00 pro Person zusätzlich zum gebuchten Trekking</p><p><br></p>;9.2801804;47.3368808;Windegg 930;9107;Urnäsch;+41 78 827 44 33;monikaegli@tiererlebnishof.ch;http://www.tiererlebnishof.ch;[{'@type': 'ImageObject', 'contentUrl': 'https://alarpimtsoch.sos-ch-dk-2.exoscale-cdn.com/catalog/e/7/b/4/e7b43b095a0df1cdd67dab1a1da2c18908fe54ed_Moni_und_Leana.JPG'}];2026-07-10T15:25:00+02:00
1ebef503-51f6-4b73-9fcb-03ac2c3fd748;Kräuterzauber - Kräuterwelt Appenzeller Alpenbitter;Dem Geheimnis auf der Spur - Wildkräuterwanderung mit anschliessendem Rundgang in der neuen Kräuterwelt des Appenzeller Alpenbitters.;<p>Die Appenzeller sind bekannt f&uuml;r ihre Geheimnisse, sowohl bei K&auml;se wie auch beim Appenzeller Alpenbitter. Martina Rocco, dipl. Kr&auml;uterfachfrau zeigt ihnen auf einem rund 2-st&uuml;ndigen Kr&auml;uterspaziergang die Wildkr&auml;uter rund um Appenzell. Einige davon sind auch im ber&uuml;hmten Appenzeller Alpenbitter zu finden. Im Anschluss an den Spaziergang besichtigen Sie die &laquo;Kr&auml;uterwelt&raquo;. Der neue Betriebsrundgang kombiniert auf gelungene Art und Weise Wissensvermittlung rund um die 42 Kr&auml;uter und die Appenzeller Brenntradition mit Erlebnis, Spannung und Unterhaltung.</p><p>F&uuml;r Gruppen: 10 Personen &ndash; max. 20 Personen (bei mehr Personen muss eine 2. Kr&auml;uterfrau mitlaufen -&gt; Preis auf Anfrage)&nbsp;<br>Kosten pro Person: CHF 45.- inkl. Kr&auml;uterwanderung und Besichtigung Appenzeller Alpenbitter <br>Buchbar: Mai bis September, t&auml;glich auf Anfrage <br>Dauer: 4 Stunden (Vormittag 10 - 14 Uhr oder Nachmittag 15 - 18 Uhr) <br>Treffpunkt: Brauerei-Parkplatz</p>;9.4099556;47.3299558;Brauerei Parkplatz;9050;Appenzell;+41 79 824 08 99;info@kraeuterzauber.ch;https://www.kraeuterzauber.ch/;[{'@type': 'ImageObject', 'contentUrl': 'https://alarpimtsoch.sos-ch-dk-2.exoscale-cdn.com/catalog/d/0/d/e/d0de86c42b0e33076ebcd5973400e9363997dfd6_Appenzeller_Kraeuterwelt.jpg'}];2026-06-10T10:54:29+02:00
2a222a76-58f6-4eb0-94c5-9d8a8d71409e;Appenzeller Friedens-Stationen;Humanitären Lebenswerken bedeutender Persönlichkeiten auf der Spur;Die Appenzeller Friedens-Stationen laden herzlich zu einer Entdeckungsreise im Appenzeller Vorderland ein. Sie zeigen die humanitären Lebenswerke von bedeutenden Schweizerinnen und Schweizern: Jakob Künzler, Carl Lutz, Margrit Besmer und Willi Kobe, Paul Vogt, Gertrud Kurz, Catharina Sturzenegger, Theodosius Florentini, Carl «Bö» Böckli und Henry Dunant. Jede Station ist dem Leben und Werk einer Persönlichkeit gewidmet. 
Die Wanderung zu den Appenzeller Friedens-Stationen zwischen Heiden und Walzenhausen ist auch für Familien gut geeignet. Dabei geht es über Höger und durch Tobel mit Steigungen, die aber nie sehr lang sind. Der Weg ist bei jedem Wetter gut machbar - auch im Winter.;9.549802;47.453412;Wüschbach 152;9427;Wolfhalden;+41 71 891 21 08;info@friedens-stationen.ch;https://friedens-stationen.ch/;[{'@type': 'ImageObject', 'contentUrl': 'https://alarpimtsoch.sos-ch-dk-2.exoscale-cdn.com/catalog/7/c/6/7/7c67907ac0f3a4a6ee2f8c8c7cac7b8e3ed12233_Computerformat_4_3_heiden_dorfplatz.jpg', 'caption': {'de': 'Friedens-Station beim Dorfplatz Heiden'}}];2026-06-10T10:54:32+02:00
2a5aea94-a623-4aa0-845b-23f9552797b9;Säntis - Alpschaukäserei Schwägalp;Die Alpschaukäserei Schwägalp steht am Fusse des Säntismassivs auf der Schwägalp bei der Talstation Säntisbahn 1300 m ü. M.;Die Käserei wurde im Jahr 1996 von den Landwirten, die ihr Vieh während des Sommers auf die Alp bringen, gebaut. Im Jahr 1997 wurde auf der Schwägalp das erste Mal Alpkäse hergestellt . All diese Landwirte haben sich am Bau beteiligt daher ist es ein Genossenschaftsbetrieb. Im Jahr 2012 wurde die Käserei erweitert um, mehr Milchmengen zu verarbeiten. Zurzeit liefern etwa 52 Landwirte Alpmilch während den Sommermonaten Mai bis September in die Käserei. Die meiste Milch wird zu feinem Schwägalpkäse verarbeitet. Aber auch Raclettkäse, Butter, Mutschli und Ziegenkäse werden hergestellt. Der Grossteil des Käses geht an die Grossisten. Der Rest wird über den Laden auf der Schwägalp verkauft, der in den Monaten Mai bis Oktober jeden Tag seine Türen offen hat. Kommen Sie doch vorbei und geniessen Sie die herrlichen Produkte, die in unserer Käserei hergestellt werden -– das Verkaufsteam freut sich auf ihren Besuch. Tragen wir doch viel zum Slogan des Culinarium Labels bei «Genuss aus der Region».

;9.3184;47.25581;9107;Urnäsch - Schwägalp;+41 79 256 77 39;info@alpschaukaeserei.ch;https://www.alpschaukaeserei.ch/;[{'@type': 'ImageObject', 'contentUrl': 'https://alarpimtsoch.sos-ch-dk-2.exoscale-cdn.com/catalog/f/5/e/a/f5eacc899e1d4ccc9aebaa39cd4972cc05e9c6d2_S__ntis___der_Berg__Alpschauk__serei.jpg'}];2026-07-10T15:24:22+02:00
2f4e8743-3226-4340-a37b-01c1b79b6e94;Bleichehof;Wein, Obstbau und Pferdepension – garantiert nachhaltig. Bei traumhafter Aussicht über Reben und Bodensee kann der Wein degustiert werden.;<p>An traumhafter Lage mit fantastischem Panoramablick auf den gegen&uuml;berliegenden Weinberg und den Bodensee befindet sich unterhalb des Dorfs Wolfhalden der Bauernhof Bleichehof. Wir versuchen aus dem Boden, den unsere Vorfahren uns anvertraut haben, mit der Hilfe von Sonne, Regen, Wind und Wetter und mit einer naturnahen Bewirtschaftung nachhaltige Produkte hervorzubringen. Schon seit mehreren Generationen werden in der Familie Tobler Reben angebaut und Weine produziert. Die Rebfl&auml;che konnte in den letzten Jahren vergr&ouml;ssert werden. Auch die Sortenvielfalt wurde kontinuierlich erweitert, und so reifen nebst dem traditionellen Blauburgunder auch weitere, interessante Sorten. Auf dem Hof erwartet Sie ein Besuch des Wein-Lagerkellers, ein Gang durch den Freilauf- und Pferdestall, gefolgt von einer Degustation diverser Weinsorten. Zum Knabbern gibt&rsquo;s K&auml;se und Geissenpantli. Dauer: 60 bis 90 Minuten Teilnehmende: 10 bis 60 Personen Kosten: CHF 20.00 pro Person<br><br></p>;9.5501749;47.4569957;Bleichestrasse 271;9427;Wolfhalden;+41 79 465 53 94;mattobler@bluewin.ch;http://www.bleichehof.ch;[{'@type': 'ImageObject', 'contentUrl': 'https://alarpimtsoch.sos-ch-dk-2.exoscale-cdn.com/catalog/a/e/5/6/ae56b72b8877bb2af58e8ae23604a83391ad16a1_Bleichehof_Haupt.jpg'}];2026-07-10T15:24:47+02:00
2fe98728-e934-4b6f-bdc3-234568881508;Lillybeizli / Alp Fischegg;Auf der Alp Fischegg bei der Familie Biser gibt es viel zu entdecken;Erleben Sie das Älplerleben und den Appenzeller Brauchtum hautnah. Schnuppern Sie Bergluft und geniessen Sie die prachtvolle Aussicht zwischen Urnäsch und der Schwägalp.

Bergluft macht hungrig - geniessen Sie im gemütlichen Lillybeizli Originale Appenzeller Käsespezialitäten wie Raclette, Käsefondue oder Älplermaccaronen. 
Geniessen Sie in der freien Natur unter dem Sternenhimmel ein Bad in unserem Hot-Pot mit Blick auf den Säntis.

Erkunden Sie das Appenzellerland bei einer Kutschenfahrt mit Ruedi Biser.
Und dann fallen Sie müde, glücklich und zufrieden ins Strohbett - mit dem würzigen Heuduft in der Nase wiegt Sie leises Kuhglockengebimmel in den Schlaf.

Am nächsten Morgen stärken Sie sich beim Älplerfrühstück mit frischer Alpenbutter, aromatischer Bergmilch und frisch gebackenem Brot und Zopf für einen neuen erlebnisreichen Tag auf der Alp. ;9.273770304491192;47.28434237698904;Alp Fischegg;9107;Urnäsch;+41 78 677 13 81;familie.biser@gmx.ch;https://www.lillybeizli.ch/;[{'@type': 'ImageObject', 'contentUrl': 'https://alarpimtsoch.sos-ch-dk-2.exoscale-cdn.com/catalog/0/7/a/2/07a28120f7f2a684ffaf17431a4763ec133970d3_Architektur_8__2.jpg'}];2026-06-10T10:54:32+02:00
3a15b067-e781-4415-af3e-ea0e6db142a6;FoodTrail «Appenzellerland zu Fuss»;Spass, Bewegung, Kultur und Kulinarik;<p>Auf die Plätze, fertig, Schnitzeljagd! Mal spazieren, mal rätseln, mal wandern, mal staunen, mal geniessen - und immer wieder den Bodensee und den Alpstein zu Füssen. Sind Sie bereit, wenn&#39;s heisst: einmal Zahnradbahn und Abenteuer, bitte! Durch das Lösen von Rätseln lernen Sie die Höhepunkte der Region kennen und finden zu 6 Genuss-Stationen. Dort werden Sie mit Köstlichkeiten und regionalen Spezialitäten belohnt. Ein spannender Erkundungsrundgang mit hohem Spassfaktor erwartet Sie. Mit FoodTrail erleben Sie das Appenzellerland einmal anders, haben gegessen und getrunken und erfahren nebenbei viel Interessantes.</p><ul><li>Dauer: ca. 5 -6 Stunden, reine Wanderzeit 3 Stunden. Sie sind frei in der zeitlichen Gestaltung. Wegstrecke ca. 8.8 km, Höhenmeter auf / ab: 270 m / 400 m.</li><li>Kosten: CHF 69.00 pro Erwachsene, CHF 40.00 pro Kind 8 - 16 Jahre (Kinder nur in Begleitung Erwachsener)</li><li>Saison: 1. Mai bis 31. Oktober</li><li>Startpunkt: Tourist Information Bahnhof Heiden. Anreise: bereits die Anreise mit der im Preis inbegriffenen Zahnradbahn ab Rorschach (im Sommer mit offenen, nostalgischen Wagen) ist ein echtes Erlebnis.</li></ul><p>Weitere Informationen finden Sie unter <a href="https://www.foodtrail.ch/trails/appenzellerland-zu-fuss" rel="noopener noreferrer" target="_blank">foodtrail.ch</a></p><p>Möchten Sie das Appenzellerland lieber per E-Bike erkunden? Hier geht&#39;s zum <a href="https://appenzellerland.ch/de/erleben/erlebniskarte/detail-gruppenerlebnisse/foodtrail-appenzellerland-per-e-bike-9a338e29-9ff6-44a0-a46d-1348ebbf505d.html" rel="noopener noreferrer" target="_blank">Foodtrail per E-Bike</a></p>;9.536517786519653;47.4461314262863;Bahnhofplatz 1;9410;Heiden;+41 71 898 33 01;https://www.foodtrail.ch/trails/appenzellerland-zu-fuss;[{'@type': 'ImageObject', 'contentUrl': 'https://alarpimtsoch.sos-ch-dk-2.exoscale-cdn.com/catalog/d/5/1/7/d5176d7d2059063fc89b7734f7bc64b9c4570af7_rehetobel_kaienspitz_foodtrail.jpg'}];2026-06-10T10:54:33+02:00
4182a526-4b7d-4006-aac8-0b11e4d2f079;Weissküferei, Drechslerei und Pferdefahrten Werner Stauffacher;Seit 1987 führen Werner und Jolanda Stauffacher im toggenburgischen Nesslau eine Weissküferei & Drechslerei, zuerst im Sidwald und seit 1997 im Riet, Ennetbühl. Zusammen mit Sämi Frick aus Urnäsch bietet Werner Stauffacher zudem Pferdefahrten mit historischen Postkutschen über die Schwägalp an.;Die Weissküferei ist ein typisches Handwerk des Bauernstands. Auch wenn inzwischen mancher Alltagsgegenstand aus Aluminium und Chromstahl besteht, insbesondere auf der Alp kommt nach wie vor hölzernes Senngeschirr zum Einsatz. So hat bei der Alpfahrt das Mitführen eines Lediwagens mit eben diesen Gerätschaften Tradition. 
Zu den Produkten aus dem Haus Stauffacher gehören auch Zier- und Geschenkartikel und Gedrechseltes. Neben der Werkstatt ist ein Verkaufsladen eingerichtet. Und es werden auf Voranmeldung Führung durch die Weissküferei angeboten.
Übrigens: Stauffachers Betrieb ist aktuell der einzige in der Schweiz, in welchem ein Weissküfer-Lernender ausgebildet wird. 
Auf Anmeldung können Gäste auch gerne selber das Handwerk ausprobieren und ein Brettli verzieren.;9.244115352630617;47.2443370195092;Riet, Evabrunnen 1863;9651;Ennetbühl;+41 71 994 10 53;info@weisskueferei-stauffacher.ch;https://weisskueferei-stauffacher.ch/;[{'@type': 'ImageObject', 'contentUrl': 'https://alarpimtsoch.sos-ch-dk-2.exoscale-cdn.com/catalog/7/f/8/d/7f8dae8fa532e566649c10a02d60dbf1c0d6fae8_Postkutsche_Saentis.jpg', 'caption': {'de': 'Postkutschenfahrten mit Werner Stauffacher über die Schwägalp'}}];2026-06-10T10:54:33+02:00
614df439-3a57-44c8-a65f-cf160c344e7c;Helen Niederer - Handweben fast wie früher;Sehen Sie der Weberin über die Schulter und erfahren Sie, wie Handtücher, Tischwäsche und Einkaufstaschen am Webstuhl entstehen.;Im gemütlichen historischen Weberhaus mit viel Charme entstehen im Wäbchäller von Helen Niederer Textilien. Sie webt am Webstuhl Handtücher, Tischwäsche bis zur Einkaufstaschen aus natürlichem Material und mit verschiedenen Mustern und Farben. Sehen Sie der Weberin über die Schulter und beobachten dabei, wie sie das Weberschiffli gekonnt hin und her schiebt und dabei ein ums andere Mal die richtigen Fäden mit einem Fusspedal anhebt, sodass sich das Fach für die Schussfäden bilden kann.  

Dauer: 1 Stunde
Teilnehmer: bis 15 Personen (ab 7 Personen unterteilt in zwei Gruppen)
Kosten: pauschal CHF 130.00 pro Führung, kleiner Apéro auf Anfrage;9.426105;47.373778;Oberdorf 9;9055;Bühler;+41 71 793 15 91;h.niederer@bluewin.ch;[{'@type': 'ImageObject', 'contentUrl': 'https://alarpimtsoch.sos-ch-dk-2.exoscale-cdn.com/catalog/2/9/d/c/29dc8897d52708aa9607ca34ee630afff3dc0214_Bild1.png'}];2026-06-10T10:54:37+02:00
620ceb26-a075-4533-a862-986a6b6425d6;ROOTHUUS GONTEN;Zentrum für Appenzeller und Toggenburger Volksmusik mit Führungen und Jodelkursen;<p>Es erwartet Sie eine Reise durch die Geschichte des denkmalgesch&uuml;tzten und 2006 renovierte Haus aus den Jahren 1763/64. Das Roothuus beheimatet den weitherum sch&ouml;nsten Festsaal mit l&auml;ndlich-barocker Wandmalerei und viele Details erz&auml;hlen aus der bewegten Geschichte dieses zentralen Hauses von Gonten. Heute beherbergt das Roothuus das Zentrum f&uuml;r die Volksmusik rund um den Alpstein, also das Appenzellerland und das Toggenburg. Eine Ausstellung zeigt jeweils neue Forschungsergebnisse des Hauses und ein Shop l&auml;dt zum Entdecken der vielf&auml;ltigen Erzeugnisse ein. Zahlreiche historische Instrumente sind zu sehen und h&ouml;ren. Interessierte Personen erfahren hier viel Wissenswertes aus der gut dokumentierten Geschichte der Appenzeller und Toggenburger Volksmusik. Die individuelle Besichtigung des Roothuus Gonten ist kostenlos. Gerne f&uuml;hren wir Sie und Ihre G&auml;ste durch das Roothuus. Dabei erhalten Sie Informationen zur Geschichte des Hauses, zur Volksmusik und zu den zahlreichen historischen Instrumenten. Ebenso informieren wir Sie &uuml;ber unsere aktuellen Forschungsprojekte und geben Einblick in alte Handschriften. Auch Jodelkurse sind im Roothuus im Angebot. Dabei &uuml;bt ein S&auml;nger in Tracht mit Ihnen einen Naturjodel ein und gibt Tipps und Tricks zum Talerschwingen. Auf Wunsch bereichern wir die F&uuml;hrung oder den Jodelkurs mit Musik oder einem Ap&eacute;ro. F&uuml;hrungen: Dauer: ca. 1 Stunde Teilnehmerzahl: max. 25 Personen pro Gruppe Daten: ganzj&auml;hrig, t&auml;glich Kosten: Montag bis Freitag CHF 160.&ndash; pro Gruppe / Samstag und Sonntag CHF 210.&ndash; pro Gruppe Jodelkurse: Dauer: ca. 2 Stunden Teilnehmerzahl: max. 25 Personen pro Gruppe Daten: ganzj&auml;hrig, t&auml;glich Kosten: Montag bis Freitag CHF 370.&ndash; pro Gruppe / Samstag und Sonntag CHF 420.&ndash; pro Gruppe</p>;9.3471841;47.32882;Dorfstrasse 36;9108;Gonten;+41 71 794 13 30;info@roothuus-gonten.ch;https://www.roothuus-gonten.ch/;[{'@type': 'ImageObject', 'contentUrl': 'https://alarpimtsoch.sos-ch-dk-2.exoscale-cdn.com/catalog/3/4/d/7/34d7cef7f1b4054c473e3f9f615e50b1377f444e_gonten_roothuus_gonten_aussenansicht.JPG'}];2026-06-10T10:54:37+02:00
6407c99f-9bd1-4152-9281-4bbbf1529140;planoalto;Outdoor-Training, handlungsorientierte Bildungsimpulse und Teamentwicklung – andere Räume und Aufgaben ermöglichen andere Verhaltensmuster.;Arbeiten in der Natur heisst nutzen, was da ist: unterwegs sein (je nach Saison mit Schneeschuhen, Kanus oder zu Fuss), sich einen Platz einrichten (ein Camp oder ein Iglu bauen), Feuer entfachen, sich etwas gutes Kochen, Brote im selbst gebauten Ofen backen.

Unsere Outdoor-Trainings sind oft unspektakulär und doch herausfordernd, sie sind ehrlich und direkt. Sie überzeugen durch Schlichtheit, Passgenauigkeit und professionelle Begleitung. 
Wir greifen Entwicklungsthemen, Leitbilder, Visionen und Strategien unserer Kundinnen und Kunden auf und setzen sie in Handlung und Erlebnisse um.

Anzahl Teilnehmer: vom Outdoor-Coaching für eine Person bis zu Grossgruppen-Impulse von bis zu 200 Personen.;9.318851348465486;47.3657193;Dorf 34;9064;Hundwil;+41 71 855 33 02;info@planoalto.ch;https://planoalto.ch/;[{'@type': 'ImageObject', 'contentUrl': 'https://alarpimtsoch.sos-ch-dk-2.exoscale-cdn.com/catalog/8/0/b/7/80b7cea5d2c4e27ab6a8ae0ec68ff29dcc165bc4_Planoalto4.jpg'}];2026-07-10T15:53:22+02:00
6b2006a3-10ca-4d42-b1b6-1641f4d34d20;Waldpark Heiden;Waldpark – der Name ist hier Programm!;Breitstämmige, hohe Bäume umrahmen den Spielplatz und lassen viel Freiraum für kleine und grosse Besucher. Zwei Grillstellen und genügend Schatten laden zum genussvollen Verweilen ein.;9.525554180145264;47.448382175584925;9410;Heiden;+41 71 898 33 01;heiden@appenzellerland.ch;https://www.kurvereinheiden.ch/;[{'@type': 'ImageObject', 'contentUrl': 'https://alarpimtsoch.sos-ch-dk-2.exoscale-cdn.com/catalog/b/b/a/b/bbab3791ea714e964010716f28e5ce98f00611e5_waldpark_grillplatz_standard.jpg'}];2026-06-10T10:54:37+02:00
78fc34b7-92e2-49c5-ab35-2fc844bdf0c9;Appenzeller Bahnen - Gruppenangebote;Planen Sie einen Team-, Vereins- oder Familienausflug? Dann haben wir die passenden Gruppenangebote mit dem Zug im Appenzellerland für Sie!;<b>Geschichte und Tradition</b> 
Starten Sie den unvergesslichen Tag in Altstätten Stadt oder in Gais mit einer Fahrt in der Zahnradbahn. Wahlweise erhalten Sie bei Ihrem Programm einen Einblick in die Geschichte der Sperre Stoss oder erleben das Handwerk der Weissküferei &amp; Drechslerei. Ein Apéro und/oder ein Mittagessen/Nachtessen runden den Tag gelungen ab. 
<a href="https://appenzellerbahnen.ch/de/erlebnisangebote/gruppenangebote/gruppenausfluege-altstaetten-gais.html" target="_blank" title="HTML Code Generator">Weitere Informationen zum Angebot Geschichte und Tradition</a> 

<b>Erlebnisrundfahrt</b> 
«Emol rondom» - mit zwei Bergbahnen und einem Schiff durch das Appenzeller Vorderland. Mit der Bergbahn der Appenzeller Bahnen fahren Sie mit einem atemberaubenden Ausblick auf den Bodensee von Rorschach hinauf ins schöne Biedermeierdorf Heiden. Nach dem Mittagessen reisen Sie von Heiden mit dem eigenen Car oder dem öffentlichen Postauto zur Aussichtsterrasse Walzenhausen. Als weiteres Highlight folgt die Talfahrt mit der Zahnradbahn von Walzenhausen nach Rheineck. Anschliessend haben Sie bei einer gemütlichen Schifffahrt auf dem alten Rhein Zeit, die schöne Landschaft zu geniessen, bevor der Halbtagesausflug in Rorschach endet. 
<a href="https://appenzellerbahnen.ch/de/erlebnisangebote/gruppenangebote/erlebnisrundfahrt.html" target="_blank" title="HTML Code Generator">Weitere Informationen zur Erlebnisrundfahrt</a> 

<b>Emol Querdöre – eine Erlebnisfahrt durch das Appenzellerland</b> 
In Gossau startend führt Sie die Fahrt mit den Appenzeller Bahnen nach Appenzell, wo Sie eine Dorfführung durch das heimelige Dorf erleben. Wahlweise kann auch eine Dorfführung in Gais gebucht werden. Im Gasthof zum Hirschen in Gais kommen Sie in den Genuss eines köstlichen Mittagessens. Nach einer Fahrt mit der Zahnradbahn ins Rheintal, lassen Sie den Tag bei einem gemütlichen Spaziergang durch die Marktgasse Altstättens und einer süssen Verführung ausklingen. Die Reise wird auch in entgegengesetzter Richtung mit Start in Altstätten Stadt angeboten. <a href="https://appenzellerbahnen.ch/de/erlebnisangebote/gruppenangebote/emol-querdoere.html" target="_blank" title="HTML Code Generator">Weitere Informationen zum Gruppenangebot Emol Querdöre</a> 

<b>Allgemeine Informationen</b>
Dauer: ca. 5-9 Stunden 
Teilnehmende: Ab 10 Personen 
Kosten: ab CHF 43.00 pro Person;9.282066;47.3927145;St. Gallerstrasse 53;9102;Herisau;+41 71 354 50 60;reisedienst@appenzellerbahnen.ch;https://appenzellerbahnen.ch/de/;[{'@type': 'ImageObject', 'contentUrl': 'https://alarpimtsoch.sos-ch-dk-2.exoscale-cdn.com/catalog/c/8/6/f/c86f7704b4a9e51de60a273f363979549e8174e7_23021_1223.jpg'}];2026-06-10T10:54:38+02:00
7a78c4c8-3054-4934-a924-19620dabcfd4;Sato Code Herisau; Der Escape Room ohne Grenzen, quer durchs Dorf Herisau. ;<p><span style="background-color: rgb(255, 255, 255); color: rgb(78, 71, 67);">Versteckte Hinweise, geheime Objekte und geteilte Informationen – genau wie in einem klassischen Escape Room, aber mit dem Vorteil, dass ich Herisau richtig erlebt.</span></p><p><span style="background-color: rgb(255, 255, 255); color: rgb(78, 71, 67);">Das Spiel findet komplett draussen statt, im Herzen des Dorfs. Jeder Winkel birgt ein Geheimnis. Jedes Rätsel bringt uns der Wahrheit näher. Gemeinsam entwirrt ihr eine verborgende Geschichte und entdeckt die mysteriöse Seite von Herisau. Wie im «The Da Vinci Code» – und ihr seid die Hauptfiguren. Trefft die richtige Entscheidung, wählt den richtigen Verbündeten und lasst das Spiel beginnen...</span></p><p><span style="background-color: rgb(255, 255, 255); color: rgb(78, 71, 67);">Der Start ist jederzeit möglich, an jedem Tag. Einfach Ticket kaufen, zum Startpunkt gehen und die Sato-Code-App öffnen. Das Spiel bietet zwei Schwierigkeitsstufen und ist eine völlig neue Art, eine Stadt oder ein Dorf zu entdecken – perfekt für alle, die Spannung, Teamwork und unerwartete Wendungen lieben.</span></p>;9.2773223;47.3900655;Bahnhofplatz 9;9100;Herisau;+41 79 617 85 41;hello@sato-code.com;https://www.sato-code.com/de;[{'@type': 'ImageObject', 'contentUrl': 'https://alarpimtsoch.sos-ch-dk-2.exoscale-cdn.com/catalog/9/4/1/a/941a3ba33b5b5461a988aa0baa8ebda3fefc5eb8_OmegaCodex0__2_.png'}];2026-06-10T10:54:38+02:00
7df300a0-f61e-417b-ab87-ea7006688336;Sunehus Lustmühle - Hotpot;Ausspannen und sich Gutes tun – warum nicht Champagner im Hotpot? Geniessen Sie ein wohliges Sprudelvergnügen auf der Hügelkuppe mit freier Sicht auf den Alpstein.;Wer ausspannen und sich etwas Gutes tun möchte, verbringt wohlige Stunden im Hotpot und geniesst dabei die freie Sicht auf den Alpstein. Das Sprudelvergnügen lässt sich perfekt mit einer Übernachtung im Studio Sunehus kombinieren. Und für Sprudel ist nicht nur im Bad gesorgt, eine Flasche Prosecco verwöhnt auch noch prickelnd den Gaumen. Bei jedem Wetter möglich. Pro Tag ist eine Buchung mit maximal 5 Personen möglich.

Die Uhrzeit kann nach der Buchung telefonisch vereinbart werden.;9.355577230453493;47.39654913329844;Lindenstrasse 9;9062;Lustmühle;+41 76 523 26 61;stephen@zeitreisen.ch;http://sunehus.ch;[{'@type': 'ImageObject', 'contentUrl': 'https://alarpimtsoch.sos-ch-dk-2.exoscale-cdn.com/catalog/2/1/1/3/2113d6eb983127f5b36867eed82b6a5cd3bd7e17_lustm__hle_hotpot__3_.jpg'}];2026-06-10T10:54:38+02:00
8256b146-c7a0-4185-a79b-777fae191ca0;Erlebnis Waldegg - Erlebnisse;Die Erlebnisegge des Appenzellerlandes mit Erlebnisrestaurants, Holzofenbäckerei «Ziträdli», das Schulzimmer «Tintelompe», und vielen weiteren Erlebnissen;Mitten im Wandergebiet St. Gallen - Teufen, mit Blick auf den Säntis, liegt das Erlebnis Waldegg mit seinen besonderen Erlebnissen. 

In den Erlebnisrestaurants tauchen die Besucher in verschiedene Welten ein: In Grossmutter's Bauernhaus «Schnuggebock» in die Welt der vergangenen, gemütlichen Stuben; in der Holzofenbäckerei «Ziträdli» in die Welt von geröstetem Kaffee und duftendem Holzofenbrot; das Schulzimmer «Tintelompe» entführt Gruppen in die Schulatmosphäre ihrer Grosseltern. Im «Waldeggmandli» werden auch die Kleinsten verwöhnt - Spielplatz, Streichelzoo und mehr.  

Geniessen Sie Ihren Apéro auf eine etwas andere Weise als gewohnt. Entdecken Sie den unverkennbaren Geist der Waldegg und lernen Sie das Appenzellerland mit seinem unvergleichlichen Brauchtum und Handwerk kennen. Lassen Sie sich vom Duft der Holzofenbäckerei verlocken oder drücken Sie die Schulbank wie anno dazumal.

Gruppenangebote: Schule wie anno dazumal, Führung, Apéros, Biber backen, Schaukäsen, Waldegg-Gaudi, Jodelkurse und vieles mehr
Dauer: Je nach Angebot
Teilnehmer: meiste Angebote ab 10 Personen
Kosten: Variieren je nach Angebot;9.4106039;47.4027945;Waldeggstrasse 977;9053;Teufen;+41 71 333 12 30;esther.eugster@waldegg.ch;https://www.waldegg.ch/gruppenangebote;[{'@type': 'ImageObject', 'contentUrl': 'https://alarpimtsoch.sos-ch-dk-2.exoscale-cdn.com/catalog/1/d/5/3/1d5348291eb62552069b81a8b570ec6987d46215_DSC_5432.jpg'}];2026-07-10T15:50:51+02:00
854d103e-742e-4405-9e8b-da777d376a11;Lillybeizli - Kutschenfahrten;Entdecken Sie das Appenzellerland auf der Kutsche mit Ruedi Biser!;Als gelernter Hufschmied und Landwirt bietet Ruedi Biser interessante, beruhigende und abwechslungsreiche Ausfahrten mit seine Pferden an. Es stehen verschiedene Kutschen, passend zu jedem Anlass, zur Verfügung: 
Der Gesellschaftswagen eignet sich für bis zu 10 Personen für gemütliche Rundfahrten, Transport zu einem Restaurant oder zum gemeinsamen Grillieren.
Ebenso eignet sich diese Wagen perfekt für Ihren massgeschneiderten Anlass, wie Geburtstage, Junggesell(in)enabschiede, Hochzeiten oder einfach für Ihre Liebsten.

Mit der Hochzeitskutsche (Landauer) erleben Sie an Ihrem grossen Tag mit dem schön geschmückten Gespann und der feierlichen Kutsche einen besonderen und einzigartigen Tag - so wird Ihre Hochzeit unvergesslich!;9.273780539738482;47.28439829704859;Mösli 647;9107;Urnäsch;+41 79 782 19 46;biser.ruedi@gmx.ch;https://www.kutschenfahrten-urnaesch.ch/;[{'@type': 'ImageObject', 'contentUrl': 'https://alarpimtsoch.sos-ch-dk-2.exoscale-cdn.com/catalog/5/9/5/8/595893b8cf28f2f55ba93e1638a44608a4388fd8_rb8.jpg'}];2026-06-10T10:54:38+02:00
8a8d2d93-3730-4ec1-aabb-628d0f7f8b4b;Motorsäge-Schnitzkurs;Aus einem Stück Holz sein eigenes Kunstwerk sägen, das macht Beat Inauen von der Hölzigs Beat GmbH möglich.;<p>In den Motorsäge-Schnitzkursen von Beat Inauen lernen Sie gekonnt mit der Motorsäge und dem Element Holz umzugehen. Der Kurs wird Sie begeistern und faszinieren. 
Die komplette Sicherheits- und Sägeausrüstung wird zur Verfügung gestellt. Nach einem abwechslungsreichen und anstrengenden Tag dürfen Sie Ihr eigenes Kunstwerk mit nach Hause nehmen.

Der Tagesablauf lässt sich individuell auf Ihre Gruppe/Team abstimmen. Ihre Wünsche werden gerne persönlich mit Ihnen zusammen besprochen.

Treffpunkt: Dorfplatz Gais oder Neugaden 582 Gais
Kursdauer: 09.00 bis 16.00 Uhr (oder nach Vereinbarung)
</p><p>Kosten: <br>3 bis 5 Personen, CHF 420.00 pro Teilnehmer
und Tag<br>6 bis 9 Personen, CHF 400.00 pro Teilnehmer und Tag<br>ab 10 Personen, CHF 380.00 pro Teilnehmer und Tag<br>1 bis 2 Personen, auf Anfrage</p><p><br></p>;9.443642235023288;47.366433007836406;Neugaden 582;9056 ;Gais;+41 79 722 33 31;info@hoelzigs.ch;https://www.hoelzigs.ch/;[{'@type': 'ImageObject', 'contentUrl': 'https://alarpimtsoch.sos-ch-dk-2.exoscale-cdn.com/catalog/7/6/5/3/7653083dd4c57a14f36ce9f4b1a1cb870619789a_Hoelzigs_Schnitzkurs__6131.JPG'}];2026-06-10T10:54:41+02:00
8aa52c3c-7087-4539-91f2-80c01e2a33a3;Appenzeller Schaukäserei - Chäshörnli selber kochen;In der Appenzeller Schaukäserei…;<p>... kochen Sie gemeinsam am K&auml;sekessi Ihre eigenen typisch appez&ouml;llischen Ch&auml;sh&ouml;rnli. Unter Anleitung eines K&auml;sespezialisten werden Sie in das Leibgericht jedes Appenzellers eingef&uuml;hrt. Geniessen Sie diesen herzhaften Schmaus im urchigen H&ouml;ckli.</p><p>Ihr Men&uuml;: <br>Gr&uuml;ner Salat mit Croutons an Haussauce <br>*** <br>Ch&auml;sh&ouml;rnli mit Apfelmus und Zwiebeln <br>*** <br>Schlorzifladen mit Rahm</p><p>In Kombination mit dem Pauschalangebot &laquo;Appenzeller Stolz&raquo; m&ouml;glich<br><br></p>;9.344712;47.373415;Dorf 711;9063;Stein;+41 71 368 50 70;info@schaukaeserei.ch;http://www.schaukaeserei.ch/;[{'@type': 'ImageObject', 'contentUrl': 'https://alarpimtsoch.sos-ch-dk-2.exoscale-cdn.com/catalog/7/9/d/e/79de99877ffe34eea61d0cd0f9b20d0709f05ea8_stein_appenzeller_schauk__serei_ch__sh__rnli.jpg', 'caption': {'de': 'Appenzeller Schaukäserei - Chäshörnli selber kochen '}}];2026-06-10T10:54:41+02:00
8d36c474-3c64-4288-b054-813a3c5fb1b5;zeitreisen.ch – Team-Events, E-Bike- & Zeltvermietung;Die Abenteuer-Zeitreisen TOPAZ GmbH ist Ihr Spezialist für die Organisation Ihres nächsten Events.;<p>Das Team der Abenteuer-Zeitreisen TOPAZ GmbH bietet abwechslungsreiche und unterhaltsame Angebote f&uuml;r einen Teamausflug oder ein Gruppenerlebnis, sei es draussen unter freiem Himmel, drinnen oder im Naturzelt, gesch&uuml;tzt vor Wind und Wetter. Egal ob es ein Mitarbeiter- oder Vereinsausflug, Polter- oder Geburtstag, Firmenjubil&auml;um oder ein sonstiger Anlass sein soll &ndash; wir haben f&uuml;r jeden etwas dabei &ndash; und dies auch noch bei jeder Witterung. Denn als Event- und Zelt-Spezialisten liefern wir Ihnen das passende &laquo;Dach &uuml;ber dem Kopf&raquo; f&uuml;r Ihren Event gleich mit. Begeben Sie sich mit Ihrer Gruppe auf eine Zeitreise.</p><p>Event-Ideen:</p><ul><li><a title="HTML Code Generator" href="https://shop.zeitreisen.ch/shop/e-mountain-bike-tagesmiete-1554#attr=" target="_blank" rel="noopener">E-Gravel &amp; E-MTB-Miete (E-Bikes auch f&uuml;r Gruppen bis 20 Personen)</a></li><li><a title="HTML Code Generator" href="https://shop.zeitreisen.ch/shop/e-mountain-bike-plausch-431#attr=" target="_blank" rel="noopener">Gef&uuml;hrter E-Bike Plausch mit Kulinarik</a>&nbsp;</li><li><a title="HTML Code Generator" href="https://shop.zeitreisen.ch/shop/category/events-10?search=t%C3%B6ffli&amp;order=name+asc" target="_blank" rel="noopener">T&ouml;fflitouren im Appenzellerland (T&ouml;fflibuebe &amp; -meitle)</a></li><li><a title="HTML Code Generator" href="https://shop.zeitreisen.ch/shop/category/events-10?search=ol%C3%BCmp&amp;order=name+asc" target="_blank" rel="noopener">Appez&ouml;ller Alpol&uuml;mpiade</a>&nbsp;</li><li><a title="HTML Code Generator" href="https://shop.zeitreisen.ch/shop/category/events-10?search=milch&amp;order=name+asc" target="_blank" rel="noopener">Milchkannen-Fondue</a>&nbsp;</li><li><a title="HTML Code Generator" href="https://shop.zeitreisen.ch/shop/santis-berg-game-365#attr=" target="_blank" rel="noopener">S&auml;ntis Berg Game</a>&nbsp;</li><li><a title="HTML Code Generator" href="https://shop.zeitreisen.ch/shop/appenzeller-krimi-347#attr=" target="_blank" rel="noopener">Appenzeller Krimi</a>&nbsp;</li></ul><p>Wir beraten Sie gerne!</p>;9.37339782714844;47.389640585897;Hauptstrasse 59;9053;Teufen;+41 71 787 51 15;info@zeitreisen.ch;http://www.zeitreisen.ch/;[{'@type': 'ImageObject', 'contentUrl': 'https://alarpimtsoch.sos-ch-dk-2.exoscale-cdn.com/catalog/9/2/3/a/923ad859f5c3ca8cba6116a624a05ed122f42d5a_220610_Alpolympiade_4501.jpg'}];2026-06-10T10:54:41+02:00
8ec976a7-0d2a-48fa-8d9c-b8b7d480797c;Appenzeller Edelbrand;Erleben Sie unsere Degustationen oder brennen Sie ihren eigenen Gin im Seminar! ;<p>Wir begr&uuml;ssen kleine und grosse Gruppen in unserer Brennerei. Sie k&ouml;nnen bei uns auch direkt neben dem Brennkessel einkaufen und ihren Silvesterklaus Gin nach Hause nehmen. (auf Voranmeldung)</p><p>Wir freuen uns auf Sie!&nbsp;</p><p><strong>Wir sind Appenzeller Edelbrand&nbsp;</strong></p><p>Von der Schnapsidee zur Manufaktur. Was als einfache Schnapsidee unter Freunden begann, hat sich mit der Zeit zu einer echten Leidenschaft und schliesslich zu einer kleinen, feinen Manufaktur entwickelt. Heute stehen wir mit Stolz hinter unserer eigenen Brennerei, idyllisch gelegen am Fusse des S&auml;ntis &ndash; mitten im Appenzellerland, wo Tradition und Handwerk noch einen besonderen Stellenwert haben. In unserer Brennerei in Urn&auml;sch entstehen mittlerweile &uuml;ber 11 einzigartige Produkte &ndash; vom klassischen Edelbrand bis hin zu kreativen Gin Sorten. Jeder einzelne Tropfen wird von uns selbst hergestellt und in sorgf&auml;ltiger Handarbeit abgef&uuml;llt und etikettiert. Besonders am Herzen liegt uns unser kulturelles Erbe: das Silvesterklausen aus Urn&auml;sch. Diese einzigartige Appenzeller Tradition begleitet uns und ist tief mit unserer Identit&auml;t verbunden. Deshalb tr&auml;gt jede unserer Flaschen ein St&uuml;ck dieses lebendigen Brauchtums &ndash; als sichtbares Zeichen unserer Herkunft und als Hommage an unsere Heimat. Unsere Produkte sind mehr als nur Spirituosen &ndash; sie erz&auml;hlen Geschichten. Von mutigen Ideen, langen N&auml;chten in der Brennerei, gelebter Tradition und echter Leidenschaft.&nbsp;</p>;9.2782589;47.310431;Unterdorfstrasse 58;9107;Urnäsch;076 361 79 23;Barbara.mueller@appenzeller-edelbrand.ch;https://appenzeller-edelbrand.ch/;[{'@type': 'ImageObject', 'contentUrl': 'https://alarpimtsoch.sos-ch-dk-2.exoscale-cdn.com/catalog/d/6/4/7/d6476ca44b8784b2ea8b5145dd338dbbbecbc87c_Brennerei__1_.jpg'}];2026-07-03T13:47:43+02:00
8fd09b68-8680-4339-95f4-5d590d78e36c;HWB Das Gürteldesign - Gürtel Workshop;Stellen Sie Ihren eigenen Gürtel her – ein einzigartiges Unikat, das Ihnen lange Freude bereiten wird.;<p>In Gruppen von maximal 8 Personen f&uuml;hren wir Sie in etwa zwei Stunden von der Lederhaut zum einfachen G&uuml;rtel, der Sie lange begleiten wird. Vorkenntnisse sind keine notwendig, ein wenig handwerkliches Geschick ist von Vorteil. Die Teilnehmenden sollten sich jedoch nicht davor scheuen, die H&auml;nde schmutzig zu machen. Unsere G&uuml;rtel Workshops werden gerne als Team Anlass oder Vereins Event gebucht. Dauer: ca. 2h Teilnehmende: bis 8 Personen Kosten: CHF 500.&ndash; pauschal &amp; Materialkosten zwischen CHF 20 - 60.&ndash; pro G&uuml;rtel</p>;9.538793563842775;47.444069066912796;Hinterergeten 1088;9427; Wolfhalden ;071 891 20 80;info@hwbguertel.ch;https://www.hwbguertel.ch/;[{'@type': 'ImageObject', 'contentUrl': 'https://alarpimtsoch.sos-ch-dk-2.exoscale-cdn.com/catalog/7/b/b/5/7bb569ef87e36e366a07453a87bc8d355c777531_IMG_20240828_WA0007__2.jpg'}];2026-06-10T10:54:41+02:00
9393e549-6b2b-49b1-8e9e-35c111c6f865;Minigolf Krombach Herisau;Die 18 Pisten bieten bei schönem Wetter für Gross und Klein, Jung und Alt, ein attraktives und abwechslungsreiches Freizeitangebot in Herisau.;Die schöne und gepflegte Anlage lädt geradezu zum Verweilen ein. Das Spiel für Spass und Plausch kann für passionierte «Minigolfer» auch wettkampfmässig ausgetragen werden.
Im Clubhäuschen steht Ihnen während den Öffnungszeiten ein Kiosk mit diversen Getränken und Snacks zur Verfügung. An der schönen Grillstelle, mit Sitzgelegenheiten und Tischen, kann zum Abschluss einer Partie Minigolf mitgebrachtes Grillgut aufgelegt werden. Genügend Brennholz ist gratis vorhanden. 
Für Gruppen ab 10 Personen wird die Anlage auch ausserhalb der regulären Zeiten geöffnet. 

Bei feuchter Witterung bleibt die Anlage geschlossen. Letzte Schlägerausgabe bis 1 Stunde vor Schliessung. Bitte parkieren Sie auf dem zentralen gebührenpflichtigen Parkplatz.;9.260879158973696;47.386801002283;Krombach 3;9100;Herisau;+41 71 353 81 11;boesch-gasser.ce@bluewin.ch;https://www.minigolf-herisau.ch/;[{'@type': 'ImageObject', 'contentUrl': 'https://alarpimtsoch.sos-ch-dk-2.exoscale-cdn.com/catalog/2/3/5/4/23542bb46d7819714994891c502e4334c81e21dc_DSC05049.jpg'}];2026-06-10T10:54:41+02:00
94756081-b14e-40f0-b019-10b73a43b713;Kutschenfahrten;Fahrt auf der Kutsche durch das Appenzellerland;Auf einer Kutschenfahrt kann das Appenzellerland bei gemütlichem Tempo herrlich erkundet werden. Ein echtes Highlight sind die Fahrten in Urnäsch oder St. Anton.


Urnäsch:
Werner Frick, Berg 783, 9107 Urnäsch
+41 79 711 59 33

Urnäsch:
Lillybeizli / Alp Fischegg, Ruedi Biser, Urnäsch
+41 79 782 19 46
biser.ruedi@gmx.ch

St.Anton:
Kafi Anton, Werner Schirmer
+41 71 340 02 14
+41 78 739 70 10
v.w.schirmer@gmail.com

Ennetbühl:
Weissküferei & Drechslerei, Werner & Jolanda Stauffacher
+41 71 994 10 53
info@weisskueferei-stauffacher.ch


Dauer: 2-3 Stunden
Teilnehmer: 5-20 Personen
Kosten: auf Anfrage und je nach Strecke
Ort: im gesamten Appenzellerland;9.2677746;47.3147311;[{'@type': 'ImageObject', 'contentUrl': 'https://alarpimtsoch.sos-ch-dk-2.exoscale-cdn.com/catalog/f/5/0/0/f50085e8e6b0e61dcf30082a1e920b43b9370ee7_Computerformat_4_3_urn__sch_kutschenfahrt.jpg'}];2026-06-10T10:54:41+02:00
9955cbb5-4d55-4455-a10f-b1e9d611776f;A.Vogel Heilpflanzenwelt – Besichtigung;Auf dem idyllisch gelegenen Heilpflanzen-Schaugarten der A.Vogel Heilpflanzenwelt wachsen auf 1‘000 Meter über Meer rund 120 verschiedene Heilpflanzen, Küchenkräuter und Gemüsesorten - umgeben vom herrlichen Panorama des Alpsteins und eingebettet in die sanften grünen Hügel des Appenzellerlandes;<p>Nicht nur der Heilpflanzen-Schaugarten ist eine Augenweide, auch das A.Vogel Museum (Neuer&ouml;ffnung am 16. Juni 2024) und die A.Vogel Drogerie sind einen Besuch wert. Kommen Sie mit auf eine spannende F&uuml;hrung in die A.Vogel Heilpflanzenwelt und stellen Sie unter fachkundiger Anleitung Ihr eigenes Produkt zum Mitnehmen her.</p><p>Dauer: ca. 1.5 Stunden <br>Teilnehmer: bis 80 Personen <br>Kosten: bis 10 Personen CHF 140.00 pauschal, <br>&nbsp; &nbsp; &nbsp; &nbsp; &nbsp; &nbsp; &nbsp; &nbsp; ab 10 Personen CHF 14.00 pro Person, ink. Geschenk</p>;9.389339000000064;47.395765;Hätschen ;9053;Teufen;+41 71 335 66 11;team@gesundheitszentrum-avogel.ch;https://www.avogel.ch;[{'@type': 'ImageObject', 'contentUrl': 'https://alarpimtsoch.sos-ch-dk-2.exoscale-cdn.com/catalog/f/5/8/4/f5842208deb20cadabdf1a2e38164de6fa82e119__P0B0801__3.jpg'}];2026-06-10T10:54:41+02:00
9a0dec1a-5f73-4e81-ad74-ca495ee40e38;Backe, backe Biber;Schauen Sie dem Bäckermeister über die Schulter, wenn er einen typischen Appenzeller Biber herstellt.;<p>Nach einer Einf&uuml;hrung in die Tradition des Biberbackens krempeln Sie die &Auml;rmel hoch und backen Ihren eigenen kleinen Appenzeller Biber. Sobald die herrlich duftende Spezialit&auml;t goldbraun gebacken ist, d&uuml;rfen Sie diese mit nach Hause nehmen und geniessen.</p><p>Dauer: 1 bis 1 &frac12; Stunden<br>Teilnehmer: ab 10 Personen<br>Kosten: ab CHF 30.00</p><p>Orte:</p><p>Gais <br>Biber B&auml;ckerei zur Dorfm&uuml;hle <br>Stossstrasse 5, 9056 Gais <br>+41 71 793 14 44 <br>shop@mybiber.ch <br>www.mybiber.ch</p><p>Heiden <br>Caf&eacute; - Biberbeck Rohner <br>Werdstrasse 24, 9410 Heiden <br>+41 71 891 17 78 <br>info@biberbeck.ch <br>www.biberbeck.ch</p><p>Hundwil <br>B&auml;ckerei-Konditorei M&uuml;hle <br>M&uuml;hle 133, 9064 Hundwil&nbsp;<br>+41 71 367 12 46 <br>info@muehle-hundwil.ch <br>www.muehle-hundwil.ch</p><p>Teufen <br>Zitr&auml;dli-Erlebnis Waldegg <br>Waldeggstrasse 977, 9053 Teufen<br>+41 71 333 12 30 <br>www.waldegg.ch</p><p>Waldstatt <br>B&auml;ckerei-Konditorei Gerig <br>&nbsp;Dorfstrasse 26, 9104 Waldstatt <br>+41 71 351 21 26 <br>info@baeckerei-gerig.ch <br>www.baeckerei-gerig.ch</p>;9.53091;47.44349;[{'@type': 'ImageObject', 'contentUrl': 'https://alarpimtsoch.sos-ch-dk-2.exoscale-cdn.com/catalog/7/7/d/b/77db09fbb3dd63c52e018ac03ab069042d604033_biber.png'}];2026-06-10T10:54:41+02:00
9a338e29-9ff6-44a0-a46d-1348ebbf505d;FoodTrail "Appenzellerland per E-Bike";Spass, Bewegung, Kultur und Kulinarik;<p>Erleben Sie das Appenzellerland auf zwei R&auml;dern: urspr&uuml;ngliche Natur, regionale K&ouml;stlichkeiten und herzliche Gastfreundschaft erwarten Sie auf dieser genussvollen E-Bike-Schnitzeljagd. Zwischen steilen Anstiegen und traumhaften Ausblicken entdecken Sie echte Appenzeller Tradition &ndash; &laquo;S&ouml;nd Willkomm&raquo;!</p><ul><li>5 Genuss-Stationen mit Essen oder Trinken</li><li>Gemeinsamer R&auml;tselspass. Am Startpunkt erh&auml;ltst du das erste R&auml;tsel</li><li>Appenzeller Mittelland und interessante Orte erleben</li><li>Spannendes &uuml;ber Region und Geschichte erfahren</li></ul><p>Dauer: ca. 6-7 Stunden, reine Fahrzeit: 2.5 Stunden. Sie sind frei in der zeitlichen Gestaltung. Wegstrecke: ca. 29km, H&ouml;henmeter auf / ab: 880m / 880m</p><p>Kosten: CHF 69.00 pro Erwachsene / E-Bike Miete f&uuml;r den ganzen Tag CHF 70.00</p><p>Saison: 1. Mai bis 31. Oktober</p><p>Startpunkt: <a href="https://maps.app.goo.gl/A3mfEcXf126Dn72e7">Hotel zur Linde, B&uuml;hlerstr. 87, 9053 Teufen</a><br>Hast du bei&nbsp;<a href="https://zeitreisen.ch/ebike-mieten" target="_blank" rel="noopener">TOPAZ</a>&nbsp;ein E-Bike gemietet? Dann hole dein E-Bike 30 Min. vor dem Start dort ab:&nbsp;<a href="https://maps.app.goo.gl/E9d6J133LikqQ4XQ9" target="_blank" rel="noopener">TOPAZ, Hauptstrasse 59, 9053 Teufen</a>. Du bist dann in 10 Min. Fahrzeit beim Startpunkt Hotel zur Linde.</p><p>Weitere Informationen finden Sie unter: <a href="https://www.foodtrail.ch/appenzellerland-per-e-bike" target="_blank" rel="noopener noreferrer">foodtrail.ch</a></p><p>M&ouml;chten Sie das Appenzellerland lieber zu Fuss erkunden? Hier geht's zum <a href="https://appenzellerland.ch/de/erleben/erlebniskarte/detail/foodtrail-appenzellerland-zu-fuss-3a15b067-e781-4415-af3e-ea0e6db142a6.html" target="_blank" rel="noopener noreferrer">Foodtrail zu Fuss</a></p>;9.3927675;47.3867698;Kinderdorfstrasse 20;9043;Trogen;0713350737;https://www.foodtrail.ch/appenzellerland-per-e-bike;[{'@type': 'ImageObject', 'contentUrl': 'https://alarpimtsoch.sos-ch-dk-2.exoscale-cdn.com/catalog/1/c/9/b/1c9b1ffc136896f1d7a1123703d58fcdbf7dc318_FoodTrail__Titelbild_.jpg'}];2026-06-10T10:54:41+02:00
9bbdfad5-1e4e-456e-8b90-575f42b9866b;Druckwerkstatt Speicher;Drucken wie vor 150 Jahren - erleben Sie wie alte Drucktechniken heute für künstlerische Druckgraphik eingesetzt werden.;<p>In einem sehr sch&ouml;nen Atelier wird die Geschichte des Steindrucks und der Radierung lebendig. Erfahren Sie wie fr&uuml;her gedruckt worden ist und wie diese Techniken heute von K&uuml;nstlerinnen und K&uuml;nstlern eingesetzt werden. Bei einem Werkstattbesuch lernen Sie das alte Handwerk des Steindrucks kennen. Wie hatte man vor der Zeit des Digital-und Offsetdrucks kleine und grosse Bilder gedruckt? Und Sie sehen, wie auch heute noch der Steindruck in der Kunst eingesetzt wird. Dauer: 1 bis 2 Stunden Teilnehmer: 5 bis 20 Personen Kosten: CHF 150.00 &ndash; CHF 250.00 pro F&uuml;hrung<br><br></p>;9.43718;47.40658;Steinegg 30;9042;Speicher;+41 71 340 09 34;info@dwsp.ch;http://www.dwsp.ch/;[{'@type': 'ImageObject', 'contentUrl': 'https://alarpimtsoch.sos-ch-dk-2.exoscale-cdn.com/catalog/f/8/1/f/f81fa8b1f3a9d9a8a4c9d2e207655d70f3b2ad8d_Werkstatt.jpg'}];2026-06-10T10:54:41+02:00
ac436c8b-75ef-4ee4-964c-07ff34980cec;Hans Sturzenegger - Hackbrett und Witz;Nebst dem Hackbrettspielen Witze erzählen; auf die feine Art und im schönsten Appenzeller Dialekt, das ist eine Passion von Hans Sturzenegger!;<p>Auch weiss er viel &uuml;ber den Bau und die Geschichte des Hackbretts sowie Appenzeller Br&auml;uche zu erz&auml;hlen. Vor einigen Jahren wurde Hans Sturzenegger in Gais an einem Witz-Slam zum 1. Witzk&ouml;nig vom Appenzellerland ernannt.</p><p>Nebst einem Hackbrett-Soloauftritt bestehen, bei gr&ouml;sseren Gruppen oder auf Wunsch, weitere Auftrittsm&ouml;glichkeiten:</p><ul><li>Hackbrett und Handorgel</li><li>Hackbrett, Handorgel, Bassgeige</li><li>Hackbrett, Handorgel, Geige, Bassgeige</li><li>Talerschwingen und Schellensch&ouml;ttlen</li></ul>;9.4487303;47.4204203;Obere Kohlhalden 19;9042;Speicher;+41 71 344 29 12;info@hackbrettmusik.ch;http://www.hackbrettmusik.ch;[{'@type': 'ImageObject', 'contentUrl': 'https://alarpimtsoch.sos-ch-dk-2.exoscale-cdn.com/catalog/1/c/5/8/1c589fdb89b97d5e15baa6ad80a2f41acb85f77a_DSC08407.JPG'}];2026-06-10T10:54:42+02:00
ae7dac70-d70b-4187-b11c-63ce5dc842af;Auenland;Der aussergewöhnliche Veranstaltungsort im Appenzellerland!
Ideal für Seminare, Tagungen, Feierlichkeiten und Kulturveranstaltungen.;Das Auenland bietet eine Plattform für echte Begegnungen, gemeinsame Erlebnisse und den direkten sozialen Austausch eingebettet in die Hügel des Appenzellerlands. Bei uns erleben Sie Raum und Zeit in privater, einzigartiger Atmosphäre. 50ger Jahre Industrie-Charme trifft auf natürliche Fauna und Flora, lichtdurchflutete Werkhallen mit Aus- und Weitblick erwarten Sie. Unsere Räume lassen sich miteinander verbinden und weit öffnen. Wir kombinieren Neues mit Altbewährtem. Wir setzen auf Design, moderne Veranstalttungstechnik, eine flexible Raumgestaltung und richtig guten Kaffee. Räume für den Dialog, Wohlbefinden und Inspiration — zum Arbeiten oder zum Feiern — drinnen und draussen.;9.3560887;47.3599816;Sägehüsli 174;9063;Stein;+41 79 613 99 62;hallo@auen-land.ch;https://auen-land.ch;[{'@type': 'ImageObject', 'contentUrl': 'https://alarpimtsoch.sos-ch-dk-2.exoscale-cdn.com/catalog/4/0/1/8/40185d607730cae85218ec948c62ed619f04b210_IMG_4757.jpg'}];2026-06-10T10:54:42+02:00
b1812f24-e14c-424b-9751-0eefea7459ec;Stiftung historische Appenzeller Bahnen - Erlebnisfahrten;Bereit für ein Bahn-Abenteuer? Erleben Sie eine einmalige Nostalgiefahrt mit der Stiftung der historischen Appenzeller Bahnen. Die historischen Fahrzeuge aus den Baujahren 1886 bis 1948 garantieren mit ihrem Charme eine unvergessliche Reise in die Vergangenheit.;<p><strong>Charterfahrten</strong> <br>Auf Anfrage organisieren wir f&uuml;r Ihren individuellen Gesch&auml;ftsanlass, Vereins- oder Familienausflug eine Extrafahrt mit historischem Rollmaterial, das Catering im Zug und ein erg&auml;nzendes Rahmenprogramm. Ein einmaliges Erlebnis ist garantiert! <br><a title="HTML Code Generator" href="https://www.stiftungab.ch/nostalgiefahrt.html#Interesse" target="_blank" rel="noopener">Zur Offertanfrage</a></p><p>&nbsp;</p>;9.40956;47.32856;St. Gallerstrasse 53;9102;Herisau;+41 71 354 50 60;reisedienst@appenzellerbahnen.ch;https://www.stiftungab.ch/Stiftung.html;[{'@type': 'ImageObject', 'contentUrl': 'https://alarpimtsoch.sos-ch-dk-2.exoscale-cdn.com/catalog/5/e/c/9/5ec95808720d651d4d88be3e12d9a1994f4c3c76_GAW_S_Drissgi__2.jpg'}];2026-06-10T10:54:42+02:00
b607aa5b-eac3-4000-bf3c-8b384bb6889a;Bären Hundwil – das Seminarhaus mit Stil;Die geschichtsträchtigen Räume des Bären Hundwil können für Bildungsanlässe, Tagungen und Meetings, Hochzeiten und andere Festivitäten gemietet werden.;Das Seminarhaus liegt inmitten der wunderschönen Appenzeller Landschaft. Die idyllische Lage sorgt für eine entspannte und inspirierende Atmosphäre. Darüber hinaus bietet die Umgebung zahlreiche Möglichkeiten für Outdoor-Aktivitäten und Erholung, die für ein abwechslungsreiches Rahmenprogramm sorgen können.

Das historische Gebäude wurde sorgfältig renoviert und mit zeitgemässer Technologie ausgestattet, um den Bedürfnissen moderner Seminare gerecht zu werden. Die Kombination aus traditionellem Charme und modernem Komfort wirkt einladend und strahlt Wertschätzung und Bewusstheit aus.

Sie wählen die für Sie passende Form der Gastronomie: 
– Bringen Sie den Caterer Ihrer Wahl mit oder wir empfehlen Ihnen einen Caterer.
– Nutzen Sie die Gastroküche für ein interaktives Teamkochen oder bringen Sie eine eigene Kochcrew mit.
– Wechseln Sie über die Mittagspause die vier Wände und lassen Sie es sich in einem lokalen Wirtshaus gut gehen. 

Gerne unterstützen wir Sie dabei, die passende Verpflegung für Ihren Anlass zu finden. 
Je nachdem, welche Räume Sie mieten, steht Ihnen unsere Profi-Gastro-Infrastruktur zur Verfügung – von der leistungsfähigen Kolben-Kaffeemaschine über die vollausgestattete Küche bis zu Bar und Weinkeller.

Kapazität: Je nach Raum und Art der Veranstaltung, fünf bis 500 Personen.;9.318851348465486;47.3657193;Dorf 34;9064;Hundwil;+41 71 393 70 15;info@baerenhundwil.ch;https://baerenhundwil.ch/;[{'@type': 'ImageObject', 'contentUrl': 'https://alarpimtsoch.sos-ch-dk-2.exoscale-cdn.com/catalog/f/f/c/8/ffc84cf480f2c0338bcbf62c505d01eba2cabd2e_B__ren4.jpg'}];2026-07-10T15:48:29+02:00
bbb29357-d738-4311-afa4-b41b4853de50;Eventküche Urnäsch - Kochen und Grillieren;Ob Familienfest, Firmenjubiläum, Kundenanlass: kochen und geniessen Sie gemeinsam!;Die Eventküche Urnäsch – ein Ort besonderer Art für Ihren Anlass. Selber kochen, mit einem Koch der Eventküche oder unseren Catering Partnern. Kreieren Sie Ihr Menu selber oder lassen Sie sich inspirieren von den tollen Ideen unsere Köche. Sie haben die Wahl – damit Ihr Anlass zu einem unvergesslichen Ereignis wird. 
Auch Seminare, Workshops oder Weber's Grill Academy sind hier möglich. Nicht nur Innen, auch im naturnahen Garten bietet die Eventküche Besonderes.;9.2782799;47.3104766;Unterdorfstrasse 58;9107;Urnäsch;+41 71 508 53 52;info@eventkueche.ch;http://www.eventkueche.ch;[{'@type': 'ImageObject', 'contentUrl': 'https://alarpimtsoch.sos-ch-dk-2.exoscale-cdn.com/catalog/3/b/8/6/3b8634223b3bc9a0977b34562b82cfd443c3ea90_urn__sch_eventk__che.jpg'}];2026-06-10T10:54:45+02:00
beac9585-5bc1-43c5-9809-369dbfc7854e;Traditionelle Degustations-Tour;Kulinarik auf einer interaktiven Dorfführung in Heiden erleben;<p>Lassen Sie sich auf einem Rundgang entf&uuml;hren in luftige H&ouml;hen (Kirchturm) und versteckte Winkel im Biedermeierdorf Heiden. Dabei lernen Sie nicht nur das Dorf kennen, sondern d&uuml;rfen typische Appenzeller Spezialit&auml;ten schlemmen. Eine schmackhafte Angelegenheit f&uuml;r das ganze Gem&uuml;t. Dauer: 2 Stunden Teilnehmer: min. 10 / max. 25 Personen Kosten: CHF 38.00 pro Person</p>;9.536593079583328;47.446056806648365;Bahnhofplatz 1;9410;Heiden;+41 71 898 33 01;heiden@appenzellerland.ch;https://appenzellerland.ch/de/;[{'@type': 'ImageObject', 'contentUrl': 'https://alarpimtsoch.sos-ch-dk-2.exoscale-cdn.com/catalog/7/4/3/e/743e41d335db849c190a005b363cbf002a663ca6_luft.jpg'}];2026-06-10T10:54:45+02:00
c48d77f1-ab25-46ac-b47b-ea849de6f818;Lama-Ziit GmbH;Spaziergänge, Halbtages- und Tagesausflüge mit Lamas;Wollen Sie sich vom Lama-Virus anstecken lassen? Spaziergänge mit Lamas sind ein besonderes Erlebnis für Jung und Alt. Um ein Lama zu führen, braucht es keine Vorkenntnisse. Mit wenigen zu beachtenden Regeln lassen sich die Tiere problemlos von Kindern und Erwachsenen am Führstrick leiten. Ihre ruhige Art hilft, selber ruhig zu werden; der aufmerksame Blick lenkt den eigenen Blick auf die Schönheiten und Details in der Umgebung. 

Die Tiere sind in einem gemächlichen Tempo unterwegs, was es auch Menschen mit leichter Gehbehinderung ermöglicht, sie zu führen. Lamas sind äusserst vorsichtig im Umgang mit Menschen und eignen sich daher ausgezeichnet für Natur- und Tiererlebnisse.

Lernen Sie diese wunderbaren Tiere auf einer Feierabendtour kennen. Buchen Sie unser Angebot für einen speziellen Familienausflug, Teamanlass oder Kindergeburtstag und verbringen Sie mehrere Stunden mit den Tieren. Zum Beispiel auf einem Trekking mit einer Pause am Feuer für gemütliches Beisammensein.

Die Teilnehmerzahl ist bei einer offenen Gruppe auf acht Personen beschränkt.
Bei einer geschlossenen Gruppe sind 20 Personen möglich.;9.264172911643984;47.39049440343878;Hölzli 2786;9100;Herisau;+41 79 742 79 05;claudine@lama-ziit.ch;https://lama-ziit.ch/;[{'@type': 'ImageObject', 'contentUrl': 'https://alarpimtsoch.sos-ch-dk-2.exoscale-cdn.com/catalog/9/5/f/8/95f8fb7155f47484c90d7da2c369535e4264c6b1_3X7A7515_edited.jpg'}];2026-06-10T10:54:45+02:00
d28b2332-b09c-4e42-b4eb-4485ca5c8015;Pumptrack Urnäsch;Der Pumptrack im Appenzellerland!;​Einen Pumptrack zu befahren, bedeutet vor allem auf einem endlos angelegten Track Spass und Freude an der Bewegung zu erfahren. Dabei gilt es, den Kurs mit seinen Wellen, Kurven und allenfalls Sprüngen, durch schwungvolle Auf- und Abbewegungen – dem sogenannten «Pumpen» – aktiv zu befahren und dabei Geschwindigkeit zu generieren ohne zu pedalen oder anzuschieben.;9.285464;47.315164;Feld;9107;Urnäsch;info@pumptrack-urnaesch.ch;https://www.pumptrack-urnaesch.ch/;[{'@type': 'ImageObject', 'contentUrl': 'https://alarpimtsoch.sos-ch-dk-2.exoscale-cdn.com/catalog/7/6/c/6/76c62652cad62698b9683a70543482f92e10a5ba_Urn__sch_Pumptrack.jpg'}];2026-06-10T10:54:45+02:00
e617d108-7121-4f50-a7d3-18cdbdd2c097;Appenzeller Heilbad;Traditionsreiche schwefelhaltige Heilquelle;Mitten in der voralpinen Hügellandschaft zwischen Bodensee und Säntis wird seit über 300 Jahren Quellwasser mit wertvollen Mineralstoffen und Spurenelementen genutzt.
Heute bietet das Appenzeller Heilbad eine vielfältige Bäder- und Saunalandschaft mit Innen- und Aussenbecken, Massagen und Kosmetikbehandlungen, Physiotherapie und ein modernes Fitnesscenter. Geniessen
Sie erholsame Stunden mitten in der Natur!;9.5160354;47.4308669;Unterrechstein 455;9035;Grub;+41 71 898 33 88;info@heilbad.ch;https://www.heilbad.ch/;[{'@type': 'ImageObject', 'contentUrl': 'https://alarpimtsoch.sos-ch-dk-2.exoscale-cdn.com/catalog/1/3/0/1/1301a48012b1dbd62ea57208fefbb0550855657e_23022_2087_Aussenbad_Einlauf_kleiner.jpg'}];2026-07-10T15:35:55+02:00
e69f8a28-c1b9-4f66-a1ac-3aa186b659d5;Hängebrücke Grub;180 Meter lang ist die neue Attraktion im Appenzeller Vorderland.;Seit April 2019 sind die zwei Dörfer Grub AR und Grub SG durch eine attraktive, 180 Meter lange Hängebrücke über den Mattenbach wieder miteinander verbunden. Ein sehr beliebter  Wanderweg  über  die  Kantonsgrenze  von  der Frauenrüti Grub AR zum Gebiet Grünau Grub SG ist somit wieder durchgehend erschlossen. 

Die Brücke ist nur für Schwindelfreie. Der höchste Punkt der Brücke findet sich rund 40 Meter über der Schlucht. 

Verbinden Sie die Besichtigung mit einer Wanderung!
Hier finden Sie Wandervorschläge: <a href="http://www.appenzellerland.ch/rundtourheiden/" target="_blank">Rundtour Heiden</a> oder <a href="https://www.appenzellerland.ch/rundwanderungheiden/" target="_blank">Rundwanderung Heiden</a> ;9.5187008;47.4505188;9035;Grub;[{'@type': 'ImageObject', 'contentUrl': 'https://alarpimtsoch.sos-ch-dk-2.exoscale-cdn.com/catalog/d/e/c/1/dec15d25410f00741d0694b11188711873b4b9e7_20_08_16_2035.jpg'}];2026-06-10T10:54:48+02:00
e979493b-9f3b-40fe-a984-b25bac698280;Kulturwerkstatt - Brauchtum, Zauren und Musik;Die Kulturwerkstatt bringt Interessierten aus nah und fern die Vielfalt der Kultur im Appenzellerland näher.;Im grosszügigen Werkstattgebäude von Werner Alder, Hackbrettbauer und Mitglied der bekannten Streichmusik Alder-Dynastie, werden unterhaltsame Vorträge und Führungen angeboten. Während diesen erhalten Sie Einblicke in die faszinierende Welt des Hackbrettbaus, ins hiesige Brauchtum und erleben die Klangwelt der einzigartigen Appenzeller Volksmusik. Neben der Musik können Sie auch das Jodeln und Talerschwingen hautnah erleben.
Abgerundet wird die Führung mit einem Werkstattrundgang. Tauchen Sie ein und erfahren Sie mit all Ihren Sinnen ein echtes Stück Brauchtumskultur!

Angebote Gruppenführungen:

- Vortrag Hackbrettbau
- Vortrag Hackbrettbau und Appenzeller Brauchtum (mit zusätzlichen Infos zum Brauchum, Musik und Talerschwingen)
- Kurs Jodeln und Talerschwingen
- kommentiertes Konzert 
   Appenzeller Musik 

Auf Wunsch verköstigt das Team der Kulturwerkstatt Sie gerne mit Spezialitäten aus der Region oder bietet einen Apéro an.

Dauer: 1 bis 1 1/2 Stunden
Teilnehmer: ab 10 Personen
Kosten: ab CHF 350.00;9.285102000000052;47.3877396;Kasernenstrasse 39A;9100;Herisau;+41 71 352 37 07;http://www.kulturwerkstatt-appenzellerland.ch;[{'@type': 'ImageObject', 'contentUrl': 'https://alarpimtsoch.sos-ch-dk-2.exoscale-cdn.com/catalog/2/1/2/8/2128015a7939ef266ea079b32ea5f1ed37e9d599_herisau_kulturwerkstatt.jpg'}];2026-07-10T15:22:29+02:00
eedf77d6-d3b8-4df8-bb7d-46a2d726b924;Stiftung Kinderdorf Pestalozzi;Entdecken Sie das Kinderdorf Pestalozzi und seine frei zugänglichen Spielträume.;Entdecken Sie das Kinderdorf Pestalozzi in Trogen, wo sich Geschichte und Gegenwart auf faszinierende Weise begegnen. Starten Sie das Erlebnis mit einer interaktiven Ausstellung, die Sie zu den Ursprüngen der ZEWO-zertifizierten Stiftung zurückführt. Verfolgen Sie die Entwicklung des Kinderdorfs von seiner Gründungsidee nach dem Zweiten Weltkrieg bis zur renommierten NGO von heute. 

Die Erlebniswelt im Kinderdorf Pestalozzi bietet für Gross und Klein viel Platz für Kreativität, spielerisches Lernen und Erholung. Die Welt setzt sich zusammen aus vielfältigen Spielträumen und Rückzugsorten, die erkundet werden können. Auch für Eltern und Begleitpersonen sorgen unsere Spielträume für Unterhaltung und interessante Erkenntnisse. Der Krimi-Trail vermittelt spannende Fakten über Kinderrechte, während die Riesenkugelbahn, der Balancierpfad oder die bunte Spinnerei (Kletternetz) die Geschicklichkeit testen. 

Falls Sie noch etwas Hunger oder Durst verspüren sollten, bietet die Cafeteria mit Terrasse eine Auswahl an erfrischenden Getränken und Snacks.

Das Kinderdorf Pestalozzi liegt hoch über dem Bodensee, umgeben von den sanften Hügeln des Appenzellerlands. Es befindet sich nur 20 Minuten von St. Gallen entfernt – abseits jeglicher Hektik, in grüner Natur und bequem mit der Appenzeller Bahn erreichbar. Alle Freizeitaktivitäten, ausgenommen der Ausstellung, sind kostenlos und das ganze Jahr hindurch zugänglich.

<a href="https://www.pestalozzi.ch/dorf " target="_blank">Weitere Informationen und Preisdetails finden Sie hier.</a>;9.46005;47.4033;Kinderdorfstrasse 20;9043;Trogen;+41 71 343 73 73;info@pestalozzi.ch;https://dorf.pestalozzi.ch/;[{'@type': 'ImageObject', 'contentUrl': 'https://alarpimtsoch.sos-ch-dk-2.exoscale-cdn.com/catalog/a/b/3/9/ab39e3fbff091b8b181c2d6bcc8a2763c8496d46_rsf_skp_luft_03__2.jpg'}];2026-07-10T15:36:59+02:00
f16a6a6a-fb2b-4d3f-b778-52934972a4aa;Appenzeller Brauchtumsmuseum - Museums-Detektiv;Eine spannender Rätselspass für Kinder und Erwachsene im Brauchtumsmuseum Urnäsch.;Beweisen Sie Ihr Können und lösen Sie knifflige Rätsel und Aufgaben über das Appenzeller Brauchtum. Am Schluss wartet die grosse Schatztruhe mit einer Überraschung für alle Rätselfreunde.

Der Rätselspass ist für Familien/Einzelpersonen gratis zuzüglich Museums-Eintritt.;9.282742;47.3172728;Dorfplatz 6;9107;Urnäsch;+41 71 364 23 22;info@museum-urnaesch.ch;https://www.museum-urnaesch.ch/angebote/museums-detektiv;[{'@type': 'ImageObject', 'contentUrl': 'https://alarpimtsoch.sos-ch-dk-2.exoscale-cdn.com/catalog/8/c/d/4/8cd41bf79879b531d39175b51034c3023ea79896_urn__sch_brauchtumsmuseum_detektiv.jpg'}];2026-06-10T10:54:48+02:00
f92f1331-98da-4b26-a9f0-6febab1c7009;Kirchturm Heiden;Geniessen Sie die Weitsicht auf dem «Häädler» Kirchturm.  157 Treppenstufen gilt es bis ins Turmzimmer zu bewältigen.;<p>Der erste Kirchenbau in Heiden erfolgte im Jahre 1652, nach der Abl&ouml;sung von der Mutterkirche in Thal. Durch die Verdoppelung der Einwohnerzahl auf 2300 Seelen wurde 1836 der Ruf nach einer gr&ouml;sseren Kirche immer lauter. Am 8. Mai 1838 wurde mit dem Turmbau nordwestlich der alten Kirche begonnen. <br>Die Sicht vom Kirchturm in Heiden reicht &uuml;ber den Bodensee bis weit &uuml;bers deutsche und &ouml;sterreichische Ufer hinaus. Bei ganz guter Sicht sieht man bis Ulm.</p><p>Der Kirchturm Heiden ist von Mai - 1. November ge&ouml;ffnet.</p><p>Die evangelische Kirchgemeinde hat im Jahr 2024 zusammen mit Schulklassen aus Heiden eine grosse &laquo;Ch&uuml;gelibahn&raquo; gebaut. Sie kann zu den &uuml;blichen Turm&ouml;ffnungszeiten bespielt werden.</p>;9.534995751998174;47.4450565;Kirchplatz 3;9410;Heiden;+41 71 898 33 01;heiden@appenzellerland.ch;https://www.heiden.ch/sehenswertes/5591;[{'@type': 'ImageObject', 'contentUrl': 'https://alarpimtsoch.sos-ch-dk-2.exoscale-cdn.com/catalog/e/3/9/1/e39187248341467f3398553eb51d602125db5d7e_evangelische_kirche_kirchturm_luftbild.jpg'}];2026-06-29T07:34:33+02:00
ff310ad0-ae50-4da7-92fc-977b310ce2d2;Appenzeller Schaukäserei - Fondue-Kochkurs;Wollen Sie gemeinsam mit Freunden in gemütlicher Atmosphäre kreative Fondues von Grund auf gestalten und geniessen?;Dann haben Sie in der Appenzeller Schaukäserei die grosse und freie Wahl! Sie stellen sich Ihre eigene Fondue-Mischung an der Käsetheke zusammen, suchen die gewünschten Zutaten aus und kochen unter Begleitung einer unserer fachkundigen Gastgeberinnen Ihr selbst zusammengestelltes Fondue direkt am Tisch.

Buchbar ab 6 Personen
Wann: täglich, Voranmeldung notwendig
Dauer: rund 45 Minuten (ohne Esssenszeit)
Kosten: ab CHF 36.00;9.344712;47.373415;Dorf 711;9063;Stein;+41 71 368 50 70;info@schaukaeserei.ch;http://www.schaukaeserei.ch/;[{'@type': 'ImageObject', 'contentUrl': 'https://alarpimtsoch.sos-ch-dk-2.exoscale-cdn.com/catalog/6/9/e/7/69e718be297e839a9a001d14ad9b27ac6976a4e3_Fondue_500x380.jpg'}];2026-06-10T10:54:49+02:00
ff792e1a-e2f9-4590-b766-eb1cbbdd0d1a;NaturErlebnispark Schwägalp/Säntis;Erleben, entdecken und Neues erfahren in einer der schönsten Naturkulissen Europas.;Der NaturErlebnispark Schwägalp/Säntis und seine Themenwege bringen Ihnen eine einzigartige Naturlandschaft näher. Schreiten Sie durch die Geschichte geheimnisvoller Moore, holen Sie Luft in zauberhaften Wäldern und beobachten Sie seltene Tiere und Pflanzen von einer der schönsten Naturkulissen Europas. Schritt und Tritt erfahren Sie mehr über das Leben und die Kultur auf den Alpen. Die Erdgeschichte, die über 1000-jährige Tradition der Schwägalp als Weideland, der Tourismus, der Naturschutz und vieles mehr: auf reich bebilderten Tafeln thematisiert für kleine und grosse Entdecker.
Umweltlehre, Forschung, Tourismus: Der NaturErlebnispark bringt die verschiedensten Interessen in Einklang. Er fördert die Auseinandersetzung mit der Natur und Kultur und macht Zusammenhänge greifbar. Und er soll vor allem eins: Ihnen ganz persönliches Naturerlebnis ermöglichen. Geniessen Sie eine geführte Exkursion, wenn Sie noch mehr erleben und erfahren wollen, dann nehmen Sie an speziellen Erlebnistagen und Entdeckungsreisen teil. Zum NaturErlebnispark sind umfassende Dokumentationen erhältlich.;9.3197302;47.2561384;Schwägalp;9107;Schwägalp;+41 71 365 65 65;kontakt@saentisbahn.ch;http://www.naturerlebnispark.ch/;[{'@type': 'ImageObject', 'contentUrl': 'https://alarpimtsoch.sos-ch-dk-2.exoscale-cdn.com/catalog/f/5/1/a/f51a537587de35f6e64cf4d635c05caaa5358b26_Computerformat_4_3_NaturErlebnispark.jpg'}];2026-07-10T15:22:10+02:00
